date,open,high,low,close,volume,vwap,trades
2021-06-30 04:00:00,15.08,15.19,15.042,15.12,333986.0,15.1108,2099
2021-07-01 04:00:00,15.13,15.13,14.84,14.89,229209.0,15.0062,2090
2021-07-02 04:00:00,15.02,15.1,14.93,15.0,367186.0,15.0226,4731
2021-07-06 04:00:00,15.08,15.09,14.87,15.01,653995.0,15.1134,11267
2021-07-07 04:00:00,15.0601,15.15,14.84,14.89,358545.0,14.9819,5536
2021-07-08 04:00:00,14.58,14.8,14.49,14.74,201865.0,14.6025,3703
2021-07-09 04:00:00,14.83,14.94,14.74,14.9,176069.0,14.8663,2773
2021-07-12 04:00:00,15.0,15.03,14.86,14.94,243131.0,14.977,5118
2021-07-13 04:00:00,14.97,15.04,14.86,14.9,249125.0,14.9663,4537
2021-07-14 04:00:00,15.08,15.09,14.72,14.76,186859.0,14.8939,4417
2021-07-15 04:00:00,14.78,14.81,14.41,14.54,167068.0,14.635,5033
2021-07-16 04:00:00,14.58,14.63,14.33,14.38,97888.0,14.4642,3251
2021-07-19 04:00:00,14.13,14.34,14.031,14.31,106055.0,14.1689,3171
2021-07-20 04:00:00,14.41,14.5,14.24,14.46,80031.0,14.3754,1982
2021-07-21 04:00:00,14.49,14.68,14.485,14.67,75710.0,14.5771,1867
2021-07-22 04:00:00,14.75,14.78,14.64,14.7088,86272.0,14.7077,2207
2021-07-23 04:00:00,14.85,14.86,14.71,14.8,164021.0,14.7448,2084
2021-07-26 04:00:00,14.73,14.73,14.6,14.63,114072.0,14.6802,2223
2021-07-27 04:00:00,14.56,14.58,14.14,14.36,130861.0,14.3518,3134
2021-07-28 04:00:00,14.5,14.67,14.38,14.6226,66995.0,14.5449,1233
2021-07-29 04:00:00,14.75,14.79,14.68,14.7173,92769.0,14.7342,1871
2021-07-30 04:00:00,14.56,14.68,14.52,14.62,67276.0,14.5925,1428
2021-08-02 04:00:00,14.72,14.7225,14.55,14.64,87711.0,14.6546,1811
2021-08-03 04:00:00,14.6,14.62,14.4,14.57,119306.0,14.544,2495
2021-08-04 04:00:00,14.61,14.72,14.59,14.72,98578.0,14.6439,1965
2021-08-05 04:00:00,14.65,14.7499,14.56,14.73,220194.0,14.6602,2613
2021-08-06 04:00:00,14.7,14.73,14.579,14.65,143659.0,14.6763,2226
2021-08-09 04:00:00,14.71,14.83,14.63,14.8107,115247.0,14.7691,2222
2021-08-10 04:00:00,14.89,14.97,14.617,14.67,131568.0,14.7677,2587
2021-08-11 04:00:00,14.8,14.81,14.59,14.7,260877.0,14.6965,1971
2021-08-12 04:00:00,14.71,14.75,14.601,14.75,153521.0,14.6875,1482
2021-08-13 04:00:00,14.77,14.82,14.661,14.74,93899.0,14.7275,1810
2021-08-16 04:00:00,14.75,14.76,14.42,14.55,194217.0,14.5644,2497
2021-08-17 04:00:00,14.4,14.4019,14.205,14.31,199607.0,14.3154,2819
2021-08-18 04:00:00,14.38,14.44,14.26,14.27,222496.0,14.3711,2512
2021-08-19 04:00:00,14.14,14.3599,14.05,14.23,110171.0,14.204,1810
2021-08-20 04:00:00,14.3,14.4699,14.15,14.45,100029.0,14.3808,1245
2021-08-23 04:00:00,14.6,14.76,14.56,14.7498,161891.0,14.6516,1957
2021-08-24 04:00:00,14.88,14.94,14.82,14.91,190996.0,14.8947,2056
2021-08-25 04:00:00,14.98,15.05,14.9,15.02,171461.0,15.0266,2077
2021-08-26 04:00:00,15.0,15.01,14.7532,14.81,173937.0,14.8921,2089
2021-08-27 04:00:00,14.87,14.99,14.81,14.96,122997.0,14.9139,1612
2021-08-30 04:00:00,15.0,15.08,14.95,15.03,221500.0,15.0214,2535
2021-08-31 04:00:00,15.06,15.13,15.0315,15.11,155281.0,15.0855,2006
2021-09-01 04:00:00,15.22,15.32,15.16,15.24,1842013.0,15.3011,2851
2021-09-02 04:00:00,15.31,15.35,15.17,15.23,301698.0,15.2623,2336
2021-09-03 04:00:00,15.23,15.36,15.23,15.35,283401.0,15.3108,2005
2021-09-07 04:00:00,15.43,15.46,15.3221,15.41,289620.0,15.3978,2989
2021-09-08 04:00:00,15.37,15.3725,15.07,15.21,374614.0,15.2105,2687
2021-09-09 04:00:00,15.14,15.23,15.1,15.18,217892.0,15.1735,2011
2021-09-10 04:00:00,15.21,15.27,15.09,15.12,158114.0,15.1948,1953
2021-09-13 04:00:00,15.18,15.18,14.911,15.03,351695.0,14.9963,2225
2021-09-14 04:00:00,15.07,15.085,14.93,14.99,122784.0,15.0121,1691
2021-09-15 04:00:00,14.97,15.01,14.82,15.01,165872.0,14.9023,2427
2021-09-16 04:00:00,14.95,15.0477,14.88,15.03,124712.0,14.9525,2076
2021-09-17 04:00:00,15.02,15.02,14.855,14.93,98599.0,14.9334,2368
2021-09-20 04:00:00,14.57,14.63,14.26,14.43,349751.0,14.4561,4594
2021-09-21 04:00:00,14.52,14.6199,14.43,14.56,140429.0,14.521,1924
2021-09-22 04:00:00,14.58,14.75,14.51,14.73,118366.0,14.6801,1484
2021-09-23 04:00:00,14.81,14.93,14.79,14.93,133193.0,14.8858,1689
2021-09-24 04:00:00,14.8,14.92,14.77,14.91,143940.0,14.8498,1634
2021-09-27 04:00:00,14.86,14.86,14.67,14.8,94517.0,14.7704,1925
2021-09-28 04:00:00,14.58,14.58,14.25,14.27,335011.0,14.3428,3976
2021-09-29 04:00:00,14.35,14.36,14.11,14.16,383356.0,14.2428,3410
2021-09-30 04:00:00,14.23,14.26,14.11,14.16,124490.0,14.1937,1850
2021-10-01 04:00:00,14.24,14.25,14.0,14.25,120143.0,14.0943,2221
2021-10-04 04:00:00,14.15,14.15,13.75,13.9,211957.0,13.8789,3683
2021-10-05 04:00:00,13.95,14.1,13.885,14.04,76306.0,14.0193,1559
2021-10-06 04:00:00,13.89,14.115,13.81,14.1,80926.0,13.9777,1328
2021-10-07 04:00:00,14.3,14.475,14.27,14.39,154569.0,14.3989,1341
2021-10-08 04:00:00,14.45,14.45,14.28,14.31,118739.0,14.3741,1156
2021-10-11 04:00:00,14.22,14.405,14.21,14.23,74377.0,14.3128,1134
2021-10-12 04:00:00,14.24,14.27,14.17,14.23,80131.0,14.2049,1012
2021-10-13 04:00:00,14.31,14.44,14.3,14.44,257245.0,14.3491,998
2021-10-14 04:00:00,14.6,14.65,14.5324,14.64,103746.0,14.6124,1176
2021-10-15 04:00:00,14.75,14.78,14.68,14.78,177948.0,14.7426,1526
2021-10-18 04:00:00,14.73,14.9235,14.73,14.92,145590.0,14.8282,1893
2021-10-19 04:00:00,15.0,15.16,14.97,15.16,211679.0,15.0771,2001
2021-10-20 04:00:00,15.17,15.22,15.03,15.12,210689.0,15.1281,2622
2021-10-21 04:00:00,15.07,15.32,15.06,15.31,277676.0,15.2089,2569
2021-10-22 04:00:00,15.12,15.16,14.88,14.94,274371.0,15.0331,3176
2021-10-25 04:00:00,15.03,15.07,14.8301,15.04,410574.0,15.009,4063
2021-10-26 04:00:00,15.22,15.24,14.98,15.04,663555.0,15.129,5331
2021-10-27 04:00:00,15.06,15.14,14.9,14.93,338916.0,15.0252,4049
2021-10-28 04:00:00,15.0,15.25,14.92,15.22,2215936.0,15.1586,12514
2021-10-29 04:00:00,15.18,15.32,15.16,15.32,1734118.0,15.2478,17038
2021-11-01 04:00:00,15.47,15.5,15.37,15.5,2482332.0,15.4483,19376
2021-11-02 04:00:00,15.51,15.52,15.36,15.47,1446890.0,15.4492,12348
2021-11-03 04:00:00,15.5,15.6,15.395,15.6,1428302.0,15.5102,12493
2021-11-04 04:00:00,15.68,15.875,15.63,15.82,1772318.0,15.7365,15513
2021-11-05 04:00:00,15.94,16.0,15.7,15.75,2371113.0,15.8729,21398
2021-11-08 05:00:00,15.91,16.02,15.86,15.99,3610406.0,15.9602,29321
2021-11-09 05:00:00,16.458,16.55,16.16,16.39,5028837.0,16.3674,37631
2021-11-10 05:00:00,16.13,16.31,15.7801,15.91,3672017.0,16.0978,31404
2021-11-11 05:00:00,16.14,16.22,16.0,16.09,2476084.0,16.128,20481
2021-11-12 05:00:00,16.19,16.45,16.12,16.45,3764549.0,16.3154,25259
2021-11-15 05:00:00,16.63,16.6361,16.39,16.53,7582899.0,16.5417,49035
2021-11-16 05:00:00,16.48,16.8,16.41,16.77,5542536.0,16.6499,36650
2021-11-17 05:00:00,16.81,16.87,16.65,16.73,6534341.0,16.7603,39542
2021-11-18 05:00:00,16.97,17.07,16.7,16.84,7976486.0,16.8813,49705
2021-11-19 05:00:00,16.8801,17.06,16.875,16.9,5918489.0,16.9689,38976
2021-11-22 05:00:00,17.11,17.11,16.27,16.3,7956088.0,16.713,61156
2021-11-23 05:00:00,16.22,16.37,15.83,16.1,4578303.0,16.0656,36617
2021-11-24 05:00:00,15.87,16.28,15.84,16.28,3151818.0,16.129,22767
2021-11-26 05:00:00,16.18,16.27,15.865,16.01,4179966.0,16.0458,25701
2021-11-29 05:00:00,16.28,16.41,16.07,16.38,4274010.0,16.2705,29185
2021-11-30 05:00:00,16.33,16.5299,15.9,16.1,4992415.0,16.1842,32674
2021-12-01 05:00:00,16.37,16.4,15.44,15.47,6225015.0,15.9219,41355
2021-12-02 05:00:00,15.4153,15.76,15.32,15.6,2956254.0,15.5504,26615
2021-12-03 05:00:00,15.67,15.7199,14.9,15.19,4098283.0,15.1884,37474
2021-12-06 05:00:00,15.125,15.29,14.67,15.26,2918764.0,15.0588,26541
2021-12-07 05:00:00,15.72,15.88,15.615,15.84,2558783.0,15.7762,19052
2021-12-08 05:00:00,15.84,16.11,15.675,16.04,2932906.0,15.9301,16962
2021-12-09 05:00:00,16.03,16.15,15.5387,15.58,2600902.0,15.7988,19202
2021-12-10 05:00:00,15.77,15.83,15.39,15.52,1848318.0,15.5613,16286
2021-12-13 05:00:00,15.53,15.55,15.13,15.24,2178533.0,15.3387,20957
2021-12-14 05:00:00,15.02,15.17,14.85,15.06,2662945.0,15.0123,21230
2021-12-15 05:00:00,14.95,15.28,14.615,15.28,2356281.0,14.9065,22573
2021-12-16 05:00:00,15.45,15.46,14.68,14.79,2511073.0,14.9991,21515
2021-12-17 05:00:00,14.58,15.01,14.525,14.9,2285306.0,14.8262,18426
2021-12-20 05:00:00,14.53,14.735,14.5,14.65,1757551.0,14.6034,18047
2021-12-21 05:00:00,14.88,15.17,14.6804,15.17,1606675.0,14.9303,14089
2021-12-22 05:00:00,15.16,15.31,15.095,15.24,2486958.0,15.2035,17737
2021-12-23 05:00:00,15.35,15.41,15.14,15.36,1889063.0,15.3113,13135
2021-12-27 05:00:00,15.43,15.62,15.41,15.6,2088905.0,15.5417,18132
2021-12-28 05:00:00,15.63,15.65,15.325,15.37,2094794.0,15.483,17662
2021-12-29 05:00:00,15.39,15.41,15.1,15.25,1754742.0,15.2457,14150
2021-12-30 05:00:00,15.29,15.46,15.22,15.31,1481543.0,15.3757,10688
2021-12-31 05:00:00,15.4,15.41,15.17,15.18,1367278.0,15.2941,9899
2022-01-03 05:00:00,15.36,15.36,15.04,15.25,2271695.0,15.2466,16927
2022-01-04 05:00:00,15.3,15.3,14.69,14.91,3030653.0,14.9056,28336
2022-01-05 05:00:00,14.79,14.86,14.24,14.24,3229326.0,14.5698,28417
2022-01-06 05:00:00,14.19,14.435,13.94,14.28,2934433.0,14.2604,23042
2022-01-07 05:00:00,14.28,14.44,14.01,14.13,1947869.0,14.2139,17364
2022-01-10 05:00:00,13.85,14.13,13.571,14.13,2545030.0,13.7847,23543
2022-01-11 05:00:00,14.14,14.51,14.04,14.46,1712195.0,14.339,12796
2022-01-12 05:00:00,14.66,14.72,14.38,14.53,1454029.0,14.5636,11883
2022-01-13 05:00:00,14.59,14.59,13.88,13.9,2161494.0,14.1799,19311
2022-01-14 05:00:00,13.85,14.0269,13.75,13.97,1682546.0,13.8802,14852
2022-01-18 05:00:00,13.87,13.87,13.525,13.55,2247109.0,13.6928,19340
2022-01-19 05:00:00,13.65,13.7599,13.4,13.41,1657123.0,13.565,14511
2022-01-20 05:00:00,13.62,13.8399,13.2619,13.3,1868892.0,13.6123,18327
2022-01-21 05:00:00,13.13,13.2499,12.75,12.77,2483983.0,13.0017,23078
2022-01-24 05:00:00,12.34,12.84,11.88,12.84,4186226.0,12.3162,29217
2022-01-25 05:00:00,12.48,12.695,12.29,12.43,1801800.0,12.466,12975
2022-01-26 05:00:00,12.8,12.8426,12.14,12.28,2167547.0,12.5895,14773
2022-01-27 05:00:00,12.43,12.45,11.93,11.95,1300741.0,12.1695,12644
2022-01-28 05:00:00,11.9979,12.31,11.73,12.31,1571954.0,12.047,11494
2022-06-09 04:00:00,194.28,199.45,183.68,184.0,23501579.0,190.7486,282457
2022-06-10 04:00:00,183.04,183.1,175.02,175.57,27478354.0,177.3336,366773
2022-06-13 04:00:00,170.59,172.575,164.03,164.26,31749304.0,167.244,440307
2022-06-14 04:00:00,166.03,166.75,161.3601,163.73,27244274.0,163.7959,341931
2022-06-15 04:00:00,167.2,172.16,163.975,169.35,30008251.0,167.5529,340903
2022-06-16 04:00:00,163.72,165.08,159.61,160.87,26944143.0,161.1857,343720
2022-06-17 04:00:00,161.68,165.9,159.9,163.74,31374215.0,163.3058,315763
2022-06-21 04:00:00,165.93,167.76,155.97,157.05,50724899.0,160.1176,499436
2022-06-22 04:00:00,158.38,160.79,155.44,155.85,47596820.0,158.2354,442420
2022-06-23 04:00:00,156.27,159.75,154.25,158.75,40499198.0,157.3009,410761
2022-06-24 04:00:00,161.725,170.25,161.3,170.16,68736009.0,168.555,400892
2022-06-27 04:00:00,171.32,171.75,168.01,169.49,29174559.0,169.5876,271605
2022-06-28 04:00:00,169.9,171.3,160.61,160.68,27788725.0,164.8941,289792
2022-06-29 04:00:00,163.57,166.33,160.32,163.94,28595236.0,163.4273,274230
2022-06-30 04:00:00,162.15,165.23,158.49,161.25,35250605.0,162.2556,349373
2022-07-01 04:00:00,160.31,160.62,155.0,160.03,31423933.0,157.787,312017
2022-07-05 04:00:00,158.14,168.25,157.02,168.19,28664799.0,163.7831,282014
2022-07-06 04:00:00,168.2,171.59,165.46,169.77,23085921.0,168.5555,246615
2022-07-07 04:00:00,169.45,172.72,167.78,172.19,24083368.0,170.8722,256780
2022-07-08 04:00:00,169.98,172.4,168.1501,170.88,19249243.0,170.6698,207549
2022-07-11 04:00:00,167.065,167.49,161.91,162.88,21905133.0,163.7102,251773
2022-07-12 04:00:00,164.8,165.9107,162.1,163.27,16639659.0,163.8736,189953
2022-07-13 04:00:00,160.16,164.98,159.6127,163.49,16555138.0,162.9191,200248
2022-07-14 04:00:00,161.22,162.59,157.2801,158.05,23765168.0,158.3596,260330
2022-07-15 04:00:00,160.54,164.98,159.82,164.7,23342807.0,163.1447,232609
2022-07-18 04:00:00,166.75,171.685,165.64,167.23,23574337.0,168.455,235311
2022-07-19 04:00:00,170.37,176.49,169.51,175.78,25933679.0,174.1129,269593
2022-07-20 04:00:00,177.485,183.6,176.7,183.09,24784274.0,180.9088,272776
2022-07-21 04:00:00,180.63,183.85,178.87,183.17,27195815.0,181.3591,297710
2022-07-22 04:00:00,173.07,175.5995,168.41,169.27,42583916.0,171.0334,437953
2022-07-25 04:00:00,169.0,170.57,164.805,166.65,26166326.0,167.0831,256153
2022-07-26 04:00:00,165.94,166.0,157.95,159.15,28468424.0,160.9253,302869
2022-07-27 04:00:00,162.59,170.87,162.02,169.58,43846557.0,166.8182,441953
2022-07-28 04:00:00,161.06,161.51,154.85,160.72,73214326.0,158.6379,724898
2022-07-29 04:00:00,157.69,160.14,155.17,159.1,42065395.0,157.8361,434911
2022-08-01 04:00:00,157.25,165.19,155.2301,159.93,40596702.0,160.7622,386947
2022-08-02 04:00:00,158.31,162.24,158.01,160.19,27374516.0,160.0829,277048
2022-08-03 04:00:00,162.69,169.54,161.57,168.8,31717527.0,167.3004,329313
2022-08-04 04:00:00,168.295,172.15,166.8,170.57,23938212.0,169.4853,256436
2022-08-05 04:00:00,166.99,171.612,165.8,167.11,25832701.0,167.8012,262113
2022-08-08 04:00:00,168.0,177.51,167.13,170.25,27299113.0,172.4019,286640
2022-08-09 04:00:00,168.95,169.53,166.6,168.53,18655056.0,167.8525,201938
2022-08-10 04:00:00,175.99,180.48,173.95,178.34,30262132.0,177.924,322538
2022-08-11 04:00:00,179.71,183.1,176.37,177.49,24079062.0,179.2637,259470
2022-08-12 04:00:00,180.81,181.4572,178.911,180.5,21274046.0,180.0954,203525
2022-08-15 04:00:00,178.96,181.44,178.2,180.89,15878671.0,180.3433,190435
2022-08-16 04:00:00,179.44,180.99,177.035,179.47,21156710.0,179.0325,237592
2022-08-17 04:00:00,176.76,178.14,174.17,174.85,20118133.0,175.6687,230141
2022-08-18 04:00:00,174.34,175.76,171.86,174.66,18844451.0,174.3985,202551
2022-08-19 04:00:00,170.2,172.32,167.05,167.96,26240799.0,168.6366,263721
2022-08-22 04:00:00,165.49,165.49,162.26,163.05,19499711.0,163.2704,246950
2022-08-23 04:00:00,162.48,165.05,160.7,161.11,18111777.0,162.2867,195713
2022-08-24 04:00:00,160.6,165.46,159.77,163.26,20891481.0,163.2267,202871
2022-08-25 04:00:00,165.18,168.88,164.02,168.78,15550514.0,167.143,178205
2022-08-26 04:00:00,168.48,170.92,161.6726,161.78,24023633.0,164.3721,256217
2022-08-29 04:00:00,160.655,163.05,159.01,159.17,20052661.0,160.4676,215221
2022-08-30 04:00:00,160.355,161.66,155.91,157.16,19567948.0,157.7263,242080
2022-08-31 04:00:00,167.07,167.84,162.14,162.93,40952975.0,164.5198,376774
2022-09-01 04:00:00,163.58,167.3599,160.345,165.36,30145683.0,163.6376,309574
2022-09-02 04:00:00,167.45,167.93,159.22,160.32,22634191.0,162.8664,260404
2022-09-06 04:00:00,160.1,161.69,157.69,158.54,19339781.0,159.114,222182
2022-09-07 04:00:00,157.76,160.955,156.81,160.39,16831182.0,159.1955,188303
2022-09-08 04:00:00,158.71,162.23,157.74,162.06,22530785.0,160.623,211698
2022-09-09 04:00:00,163.248,169.54,163.02,169.15,22129802.0,167.8011,227145
2022-09-12 04:00:00,167.39,171.39,167.28,168.96,23220405.0,168.9274,240516
2022-09-13 04:00:00,161.54,161.63,152.67,153.13,44444061.0,156.0803,514431
2022-09-14 04:00:00,153.33,153.54,149.05,151.47,43064195.0,150.8774,445304
2022-09-15 04:00:00,149.8,154.1984,148.7,149.55,34606348.0,150.7407,335867
2022-09-16 04:00:00,148.05,148.58,144.2935,146.29,40122824.0,146.1869,366102
2022-09-19 04:00:00,145.235,148.58,145.1,148.02,22169477.0,146.9703,211788
2022-09-20 04:00:00,145.775,148.84,145.22,146.09,23217350.0,146.9029,215233
2022-09-21 04:00:00,146.39,149.6,142.0,142.12,38338614.0,144.9945,332178
2022-09-22 04:00:00,141.55,144.58,140.87,142.82,34418521.0,142.8073,319520
2022-09-23 04:00:00,141.42,142.62,138.89,140.41,31710685.0,140.2186,320006
2022-09-26 04:00:00,140.12,142.24,136.19,136.37,30497021.0,138.3347,302992
2022-09-27 04:00:00,137.92,139.42,134.1201,134.4,30826471.0,136.0143,302933
2022-09-28 04:00:00,134.62,142.03,134.27,141.61,32658478.0,139.2052,289794
2022-09-29 04:00:00,139.36,139.84,135.2,136.41,38985414.0,136.9509,304759
2022-09-30 04:00:00,136.05,140.99,135.5,135.68,33166393.0,137.8107,281882
2022-10-03 04:00:00,137.14,139.62,136.1,138.61,27723063.0,138.0316,261454
2022-10-04 04:00:00,140.49,142.3901,139.34,140.28,34670729.0,140.6403,298427
2022-10-05 04:00:00,138.24,140.21,134.78,138.98,27979348.0,137.4267,270882
2022-10-06 04:00:00,137.715,141.45,136.6,139.07,36231056.0,139.3535,281296
2022-10-07 04:00:00,136.76,138.29,132.44,133.45,33214773.0,134.4316,305232
2022-10-10 04:00:00,133.55,136.11,131.87,133.79,24023982.0,133.8076,235882
2022-10-11 04:00:00,131.62,132.66,126.99,128.54,38481403.0,129.1724,358250
2022-10-12 04:00:00,128.32,129.67,126.25,127.5,34605245.0,127.6546,282885
2022-10-13 04:00:00,123.53,131.14,122.5301,130.29,34325715.0,127.8506,329065
2022-10-14 04:00:00,131.0,131.79,126.52,126.76,23559407.0,128.0841,223147
2022-10-17 04:00:00,130.3,134.79,130.18,134.04,29612245.0,133.0556,273868
2022-10-18 04:00:00,137.085,137.8399,131.4,132.8,25444979.0,133.7791,246946
2022-10-19 04:00:00,132.89,137.0,132.22,133.23,30691047.0,133.9765,265353
2022-10-20 04:00:00,132.93,136.77,131.31,131.53,26356276.0,132.9425,269032
2022-10-21 04:00:00,126.31,130.12,125.44,130.01,46348647.0,128.3255,388930
2022-10-24 04:00:00,127.25,133.48,124.57,129.72,63563447.0,129.4542,550883
2022-10-25 04:00:00,130.875,138.35,130.59,137.51,38433219.0,135.5028,325937
2022-10-26 04:00:00,131.68,135.55,128.53,129.82,89294679.0,123.3074,867982
2022-10-27 04:00:00,97.975,102.5,96.38,97.94,232316571.0,99.6124,1849372
2022-10-28 04:00:00,99.58,100.85,97.51,99.2,95928306.0,99.3071,761635
2022-10-31 04:00:00,98.22,99.32,92.6,93.16,121361444.0,94.2299,951646
2022-11-01 04:00:00,94.33,97.49,93.55,95.2,110189617.0,95.4626,735797
2022-11-02 04:00:00,94.205,95.2,90.48,90.54,71821058.0,92.9141,587099
2022-11-03 04:00:00,90.08,90.4576,88.41,88.91,60664012.0,89.357,503016
2022-11-04 04:00:00,90.35,91.39,88.09,90.79,55638061.0,89.7501,437600
2022-11-07 05:00:00,94.78,96.88,93.1,96.72,81987295.0,95.4604,596421
2022-11-08 05:00:00,95.92,97.8,94.79,96.47,52088320.0,96.1836,422585
2022-11-09 05:00:00,101.72,104.9,100.74,101.47,107677284.0,102.7223,843384
2022-11-10 05:00:00,107.12,112.75,104.61,111.87,80670961.0,109.4362,678831
2022-11-11 05:00:00,109.23,114.9,108.81,113.02,59961742.0,112.7033,496470
2022-11-14 05:00:00,110.99,116.27,110.8,114.22,53394974.0,114.3773,385311
2022-11-15 05:00:00,116.07,118.74,114.4116,117.08,50670499.0,116.999,421761
2022-11-16 05:00:00,114.5,116.075,112.66,113.23,33287773.0,113.6085,274745
2022-11-17 05:00:00,110.41,112.33,109.8,111.45,35093822.0,111.3019,284093
2022-11-18 05:00:00,113.8,114.32,110.62,112.05,33357707.0,112.2559,259579
2022-11-21 05:00:00,111.52,112.3699,109.19,109.86,24351074.0,110.2423,226749
2022-11-22 05:00:00,109.86,111.62,108.3216,111.44,29028963.0,110.3557,236543
2022-11-23 05:00:00,111.72,112.67,110.73,112.24,21343083.0,111.955,196118
2022-11-25 05:00:00,111.3,112.73,111.02,111.41,12007566.0,111.532,115714
2022-11-28 05:00:00,110.78,112.04,108.38,108.78,23332816.0,109.4876,227168
2022-11-29 05:00:00,109.54,110.94,108.5437,109.46,23899238.0,109.6168,223338
2022-11-30 05:00:00,109.505,118.16,109.38,118.1,43348557.0,114.6127,374670
2022-12-01 05:00:00,119.198,121.2,118.4,120.44,36551374.0,119.9685,334504
2022-12-02 05:00:00,117.83,124.04,117.61,123.49,39950464.0,122.0064,359062
2022-12-05 05:00:00,121.75,124.67,121.35,122.43,35474884.0,122.7441,298476
2022-12-06 05:00:00,119.91,120.55,113.74,114.12,43689183.0,115.4845,396026
2022-12-07 05:00:00,113.76,115.88,112.88,113.93,29461137.0,113.974,258992
2022-12-08 05:00:00,116.39,117.34,114.59,115.33,30619418.0,115.5962,251557
2022-12-09 05:00:00,115.3,117.54,113.87,115.9,26033353.0,116.1099,225861
2022-12-12 05:00:00,115.18,115.72,113.14,114.71,24747064.0,114.3243,213233
2022-12-13 05:00:00,122.13,123.3,118.64,120.15,44701054.0,120.8091,403939
2022-12-14 05:00:00,119.39,124.14,119.39,121.59,36922037.0,121.8685,345857
2022-12-15 05:00:00,118.33,118.625,114.01,116.15,34530970.0,116.1778,305279
2022-12-16 05:00:00,120.23,123.31,118.8214,119.43,67064001.0,120.2566,395640
2022-12-19 05:00:00,116.83,117.8,114.331,114.48,29769875.0,115.6207,265821
2022-12-20 05:00:00,113.26,117.33,112.46,117.09,28742501.0,115.736,267692
2022-12-21 05:00:00,116.7,120.34,115.62,119.76,20392799.0,119.1541,213045
2022-12-22 05:00:00,117.2,118.62,114.38,117.12,23618121.0,116.3436,226014
2022-12-23 05:00:00,116.03,118.175,115.535,118.04,17796625.0,117.3076,202560
2022-12-27 05:00:00,117.93,118.6,116.0501,116.88,21392311.0,117.2744,215816
2022-12-28 05:00:00,116.25,118.15,115.51,115.62,19612473.0,116.488,199776
2022-12-29 05:00:00,116.4,121.03,115.77,120.26,22366192.0,119.6071,230684
2022-12-30 05:00:00,118.16,120.42,117.74,120.34,19583825.0,119.1785,206872
2023-01-03 05:00:00,122.82,126.37,122.28,124.74,35528531.0,124.2507,333901
2023-01-04 05:00:00,127.38,129.0498,125.85,127.37,32397094.0,127.4234,301929
2023-01-05 05:00:00,126.125,128.52,124.54,126.94,25447099.0,126.56,255490
2023-01-06 05:00:00,128.97,130.33,126.04,130.02,27584498.0,128.9406,267162
2023-01-09 05:00:00,131.16,132.95,129.28,129.47,26649145.0,130.8654,275765
2023-01-10 05:00:00,127.27,133.44,127.15,132.99,28684431.0,131.6576,276106
2023-01-11 05:00:00,130.96,133.8494,130.34,132.89,25423046.0,132.5097,241805
2023-01-12 05:00:00,133.44,137.6781,131.76,136.71,30757732.0,135.4722,293577
2023-01-13 05:00:00,134.97,137.39,134.835,136.98,22423839.0,136.4689,219818
2023-01-17 05:00:00,136.176,136.75,134.25,135.36,21147587.0,135.5244,219982
2023-01-18 05:00:00,135.81,137.25,132.8,133.02,20215486.0,134.3035,207611
2023-01-19 05:00:00,132.49,137.45,132.14,136.15,28625232.0,135.5037,239619
2023-01-20 05:00:00,135.89,139.94,134.61,139.37,28688630.0,138.1651,255699
2023-01-23 05:00:00,139.29,143.76,138.66,143.27,27470093.0,142.2422,257224
2023-01-24 05:00:00,141.69,145.0,141.36,143.14,21970190.0,143.5741,242488
2023-01-25 05:00:00,141.22,143.17,140.31,141.5,26622021.0,141.8509,240989
2023-01-26 05:00:00,144.4,147.51,143.3,147.3,25482084.0,145.7942,266226
2023-01-27 05:00:00,148.237,153.19,147.39,151.74,35771865.0,150.9056,373164
2023-01-30 05:00:00,149.405,151.1233,146.95,147.06,28040100.0,148.3383,290553
2023-01-31 05:00:00,147.95,149.88,147.52,148.97,29842109.0,148.369,277702
2023-02-01 05:00:00,148.03,153.58,147.06,153.12,55661017.0,159.8726,582465
2023-02-02 05:00:00,183.38,197.16,180.16,188.77,150475687.0,188.3078,1363516
2023-02-03 05:00:00,183.465,196.77,182.89,186.53,76809701.0,190.5913,731464
2023-02-06 05:00:00,186.53,190.7,185.5156,186.06,42483811.0,187.6304,401071
2023-02-07 05:00:00,185.575,193.7799,184.4,191.62,47080662.0,189.5583,418650
2023-02-08 05:00:00,190.0,190.83,182.92,183.43,36139074.0,185.5724,370853
2023-02-09 05:00:00,186.13,186.65,177.27,177.92,37118811.0,181.0152,374960
2023-02-10 05:00:00,176.3534,178.89,173.35,174.15,33433567.0,175.6662,333027
2023-02-13 05:00:00,178.215,181.0,175.82,179.43,31463223.0,179.0958,300170
2023-02-14 05:00:00,177.16,181.5064,175.88,179.48,24034631.0,179.4498,243815
2023-02-15 05:00:00,176.415,178.19,175.33,177.16,25337966.0,176.7112,267645
2023-02-16 05:00:00,172.75,175.85,171.79,172.44,25827473.0,173.8899,296821
2023-02-17 05:00:00,170.22,173.18,169.7,172.88,24171260.0,171.7157,244920
2023-02-21 05:00:00,174.31,178.17,171.88,172.08,34592582.0,173.8485,333937
2023-02-22 05:00:00,171.07,172.755,169.69,171.12,22433158.0,171.3108,220309
2023-02-23 05:00:00,172.0,173.69,169.38,172.04,20017779.0,171.7911,211272
2023-02-24 05:00:00,168.64,170.72,167.66,170.39,19791334.0,169.3909,219784
2023-02-27 05:00:00,171.875,173.12,169.06,169.54,19277002.0,170.301,208265
2023-02-28 05:00:00,171.9,177.55,171.87,174.94,46051117.0,175.2962,405130
2023-03-01 05:00:00,174.59,177.85,173.05,173.42,30998380.0,175.4683,304332
2023-03-02 05:00:00,172.38,175.01,171.43,174.53,17360708.0,173.3187,192218
2023-03-03 05:00:00,178.92,186.62,177.05,185.25,45877692.0,183.4713,424648
2023-03-06 05:00:00,188.0,189.66,184.64,184.9,33209394.0,186.9661,313788
2023-03-07 05:00:00,189.0,190.36,184.01,184.51,36701495.0,186.3391,358005
2023-03-08 05:00:00,182.87,185.26,181.34,184.97,19432405.0,183.4331,217708
2023-03-09 05:00:00,186.35,188.93,180.3,181.69,26582750.0,184.2232,274792
2023-03-10 05:00:00,181.01,184.77,178.8,179.51,25665032.0,181.3559,283822
2023-03-13 04:00:00,177.96,183.78,174.82,180.9,24727969.0,180.9034,300957
2023-03-14 04:00:00,187.58,194.32,186.56,194.02,41642627.0,191.5222,444588
2023-03-15 04:00:00,192.95,197.78,190.8351,197.75,42123552.0,194.4848,441147
2023-03-16 04:00:00,198.26,205.76,196.0886,204.93,50819659.0,200.5713,503317
2023-03-17 04:00:00,200.56,201.9,195.4304,195.61,50141098.0,197.7534,417879
2023-03-20 04:00:00,198.48,199.36,193.64,197.81,25186315.0,196.6459,280104
2023-03-21 04:00:00,203.2,203.55,197.95,202.16,31826952.0,200.6504,335800
2023-03-22 04:00:00,202.5,207.37,199.67,199.81,28477759.0,203.3685,295935
2023-03-23 04:00:00,202.84,207.88,202.15,204.28,27389669.0,205.2498,302618
2023-03-24 04:00:00,205.18,207.58,203.55,206.01,27733042.0,205.4877,297286
2023-03-27 04:00:00,204.81,205.86,201.36,202.84,18527184.0,203.3286,231616
2023-03-28 04:00:00,200.15,201.03,197.9,200.68,19127295.0,199.5885,220760
2023-03-29 04:00:00,203.56,205.72,202.5355,205.35,18851137.0,204.3752,205245
2023-03-30 04:00:00,203.38,208.09,202.82,207.84,22608303.0,206.6726,258402
2023-03-31 04:00:00,207.24,212.17,206.77,211.94,25440273.0,210.2614,279844
2023-04-03 04:00:00,208.84,213.4861,208.2,213.07,17924613.0,211.1485,223355
2023-04-04 04:00:00,213.39,216.24,212.54,214.72,21026367.0,214.2134,240303
2023-04-05 04:00:00,214.15,215.19,209.94,211.48,19396630.0,211.9432,238379
2023-04-06 04:00:00,209.25,216.94,208.65,216.1,26104411.0,214.0167,289176
2023-04-10 04:00:00,214.71,215.66,210.66,214.75,16106074.0,213.3652,210349
2023-04-11 04:00:00,215.48,216.02,213.41,213.85,16710101.0,214.7228,202172
2023-04-12 04:00:00,214.835,216.84,212.584,214.0,18972172.0,214.9023,223608
2023-04-13 04:00:00,215.73,221.15,215.69,220.35,23310357.0,219.2067,261109
2023-04-14 04:00:00,217.88,222.11,217.55,221.49,21591207.0,220.1708,245330
2023-04-17 04:00:00,219.79,220.979,217.13,218.86,15481874.0,219.0231,207208
2023-04-18 04:00:00,219.91,220.44,216.21,217.89,12280984.0,217.9734,179976
2023-04-19 04:00:00,213.472,217.33,212.93,215.7,15898078.0,215.4893,211081
2023-04-20 04:00:00,213.48,216.75,212.77,213.07,16475443.0,214.44,200685
2023-04-21 04:00:00,210.21,213.41,209.58,212.89,17717166.0,211.9607,204177
2023-04-24 04:00:00,213.675,213.92,210.71,212.79,15750920.0,212.5015,168365
2023-04-25 04:00:00,210.815,211.26,207.13,207.55,19198175.0,209.1913,226883
2023-04-26 04:00:00,212.5,214.11,208.88,209.4,41992726.0,216.7808,509868
2023-04-27 04:00:00,239.89,241.685,236.77,238.56,71196531.0,239.3858,856607
2023-04-28 04:00:00,239.01,240.43,235.75,240.32,39554036.0,238.4741,451291
2023-05-01 04:00:00,238.615,244.0,236.46,243.18,29143912.0,240.3948,314425
2023-05-02 04:00:00,243.18,244.92,238.99,239.24,24350149.0,240.7257,266262
2023-05-03 04:00:00,239.47,241.75,232.75,237.03,34463859.0,237.9958,380620
2023-05-04 04:00:00,236.06,238.2,232.9264,233.52,17889391.0,235.613,234868
2023-05-05 04:00:00,232.24,234.68,229.85,232.78,27000480.0,231.9033,313324
2023-05-08 04:00:00,231.415,235.62,230.27,233.27,16400526.0,232.8964,200705
2023-05-09 04:00:00,231.46,235.88,231.08,233.37,16865587.0,233.7876,192449
2023-05-10 04:00:00,236.17,236.75,230.72,233.08,19119007.0,233.5219,228573
2023-05-11 04:00:00,233.05,238.21,232.3,235.79,20448991.0,236.5507,227955
2023-05-12 04:00:00,236.74,236.9599,231.45,233.81,16161447.0,233.7782,211733
2023-05-15 04:00:00,236.92,240.255,235.33,238.86,20653229.0,238.2714,246663
2023-05-16 04:00:00,235.79,239.635,235.52,238.82,18163772.0,238.0762,221865
2023-05-17 04:00:00,238.45,243.8423,238.14,242.485,21193080.0,241.5261,249594
2023-05-18 04:00:00,241.3,247.0881,241.19,246.85,22943297.0,244.1261,279543
2023-05-19 04:00:00,247.47,248.69,243.41,245.64,21733581.0,245.443,262469
2023-05-22 04:00:00,245.41,253.57,245.12,248.32,27738479.0,250.055,321435
2023-05-23 04:00:00,246.81,251.61,246.65,246.74,17748115.0,248.5781,233824
2023-05-24 04:00:00,245.28,249.5892,244.952,249.21,17724338.0,247.506,215118
2023-05-25 04:00:00,253.4,255.62,249.17,252.69,22371435.0,252.8634,280069
2023-05-26 04:00:00,252.93,262.3107,252.71,262.04,25768663.0,259.2104,323959
2023-05-30 04:00:00,265.25,268.65,261.29,262.52,23816483.0,264.5689,336173
2023-05-31 04:00:00,260.0,265.0,258.45,264.72,25473690.0,263.4503,258027
2023-06-01 04:00:00,265.9,274.0,265.89,272.61,25609508.0,271.0201,340902
2023-06-02 04:00:00,272.66,275.35,271.12,272.61,19416930.0,273.216,270948
2023-06-05 04:00:00,270.3,275.57,269.56,271.39,20742946.0,272.5153,277380
2023-06-06 04:00:00,270.14,276.57,269.69,271.12,19419010.0,273.4327,263796
2023-06-07 04:00:00,271.67,274.25,262.8,263.6,26163627.0,267.6766,331860
2023-06-08 04:00:00,260.62,267.65,258.88,264.58,20899359.0,264.3179,264912
2023-06-09 04:00:00,262.48,267.949,261.7,264.95,16949794.0,265.0749,239879
2023-06-12 04:00:00,267.17,271.75,265.33,271.05,15471702.0,269.2851,215020
2023-06-13 04:00:00,274.88,275.72,269.0923,271.32,16164024.0,272.0187,237409
2023-06-14 04:00:00,271.89,274.99,268.315,273.35,19175066.0,272.5225,242320
2023-06-15 04:00:00,272.3,283.99,271.42,281.83,25973455.0,279.455,329384
2023-06-16 04:00:00,284.75,287.85,280.13,281.0,43127731.0,282.9012,372249
2023-06-20 04:00:00,278.73,284.8,276.22,284.33,20701589.0,281.8668,256051
2023-06-21 04:00:00,283.53,284.0,278.36,281.64,20556170.0,281.1046,232811
2023-06-22 04:00:00,279.08,285.26,277.79,284.88,17563061.0,281.9525,225260
2023-06-23 04:00:00,281.51,289.67,278.95,288.73,51092038.0,287.173,344834
2023-06-26 04:00:00,288.7,289.79,277.6,278.47,24232651.0,282.4339,321385
2023-06-27 04:00:00,282.01,289.345,280.655,287.05,26108260.0,285.6012,327212
2023-06-28 04:00:00,284.82,289.55,284.06,285.29,16722117.0,286.1356,248379
2023-06-29 04:00:00,284.5,286.57,280.69,281.53,15395690.0,282.8196,216273
2023-06-30 04:00:00,284.76,289.05,284.415,286.98,19694872.0,287.1507,259034
2023-07-03 04:00:00,286.7,289.4,284.8499,286.02,8629269.0,286.6523,138918
2023-07-05 04:00:00,287.65,298.12,286.36,294.37,33865457.0,294.6773,422618
2023-07-06 04:00:00,295.885,298.12,291.31,291.99,47733829.0,294.3952,542159
2023-07-07 04:00:00,292.18,296.2,288.66,290.53,25585975.0,291.9935,349869
2023-07-10 04:00:00,295.55,298.13,287.05,294.1,37058306.0,292.593,420546
2023-07-11 04:00:00,293.9,300.18,291.9,298.29,27585918.0,296.7681,339165
2023-07-12 04:00:00,301.745,309.45,300.1004,309.34,36677127.0,306.5166,455959
2023-07-13 04:00:00,313.62,316.24,310.2901,313.41,30280972.0,313.6521,401687
2023-07-14 04:00:00,311.79,314.88,307.3612,308.87,23054108.0,311.3384,328631
2023-07-17 04:00:00,307.54,311.71,304.71,310.62,25323126.0,308.2315,336097
2023-07-18 04:00:00,310.875,314.2,307.6188,312.05,20764580.0,310.9612,292647
2023-07-19 04:00:00,313.03,318.68,310.52,316.01,21763688.0,315.1179,327361
2023-07-20 04:00:00,313.5,315.54,302.22,302.52,23836876.0,306.7389,373288
2023-07-21 04:00:00,304.57,305.46,291.2,294.26,42139259.0,296.0847,470643
2023-07-24 04:00:00,295.78,297.52,288.3001,291.61,24949405.0,291.9405,334870
2023-07-25 04:00:00,295.19,298.3,291.86,294.47,19585584.0,294.863,269670
2023-07-26 04:00:00,301.19,301.77,291.9,298.57,47256930.0,302.7637,673459
2023-07-27 04:00:00,325.12,325.35,309.84,311.71,64229173.0,318.5105,814491
2023-07-28 04:00:00,316.875,326.2,314.2481,325.48,39220270.0,322.7943,489887
2023-07-31 04:00:00,323.69,325.6599,317.59,318.6,25799603.0,321.1181,355468
2023-08-01 04:00:00,317.535,324.14,314.66,322.71,22889870.0,320.8726,317717
2023-08-02 04:00:00,318.0,318.39,310.65,314.31,20461094.0,314.6342,316366
2023-08-03 04:00:00,309.93,315.9499,309.93,313.19,15215422.0,313.7742,230799
2023-08-04 04:00:00,314.96,318.41,310.2,310.73,17612762.0,313.4237,245096
2023-08-07 04:00:00,313.23,317.07,310.46,316.56,16236504.0,314.2,230363
2023-08-08 04:00:00,314.4,317.89,310.11,312.64,15183532.0,312.8984,233055
2023-08-09 04:00:00,312.88,313.63,302.85,305.21,19955783.0,306.8729,283451
2023-08-10 04:00:00,307.94,312.339,303.87,305.74,14358897.0,307.8609,211327
2023-08-11 04:00:00,302.57,304.72,300.36,301.64,14046250.0,302.149,222402
2023-08-14 04:00:00,300.98,306.21,298.25,306.19,15641921.0,303.0529,206053
2023-08-15 04:00:00,306.14,307.23,300.03,301.95,11623613.0,302.9223,171652
2023-08-16 04:00:00,300.195,301.08,294.28,294.29,18547741.0,297.3013,261408
2023-08-17 04:00:00,293.05,296.05,284.95,285.09,23950089.0,289.9367,311835
2023-08-18 04:00:00,279.03,285.69,274.38,283.25,35347925.0,279.8749,408828
2023-08-21 04:00:00,283.45,290.5,281.85,289.9,20181475.0,288.0032,240129
2023-08-22 04:00:00,292.55,292.9,286.75,287.6,12999913.0,289.3042,199419
2023-08-23 04:00:00,288.5,297.4,287.67,294.24,18287001.0,294.5702,247239
2023-08-24 04:00:00,298.5,299.46,286.64,286.75,18360882.0,290.5212,250622
2023-08-25 04:00:00,286.13,288.386,276.03,285.5,23701443.0,282.4213,326258
2023-08-28 04:00:00,288.0,291.45,285.8,290.26,14239285.0,288.9153,196267
2023-08-29 04:00:00,288.585,299.15,288.18,297.99,20844522.0,295.0867,292752
2023-08-30 04:00:00,297.17,298.29,293.43,295.1,17717024.0,295.8587,239295
2023-08-31 04:00:00,295.8,301.1,295.66,295.89,17229865.0,297.9235,211238
2023-09-01 04:00:00,299.37,301.74,294.47,296.38,12842257.0,296.8001,177578
2023-09-05 04:00:00,297.02,301.39,295.51,300.15,14955989.0,299.4056,194071
2023-09-06 04:00:00,301.71,303.3,295.66,299.17,15418092.0,298.8651,217235
2023-09-07 04:00:00,298.0,307.0499,292.22,298.67,33748737.0,299.6722,391029
2023-09-08 04:00:00,299.22,305.25,296.78,297.89,17572203.0,300.3818,210418
2023-09-11 04:00:00,301.41,309.04,301.28,307.56,19489330.0,305.5895,261524
2023-09-12 04:00:00,306.33,308.6599,300.23,301.66,13480400.0,302.9655,204334
2023-09-13 04:00:00,302.36,307.18,301.3206,305.06,13210915.0,304.842,182470
2023-09-14 04:00:00,306.74,312.87,305.03,311.72,19343102.0,310.1168,236197
2023-09-15 04:00:00,311.61,312.0,298.75,300.31,28131140.0,303.338,308108
2023-09-18 04:00:00,298.19,303.6,297.8,302.55,14234158.0,301.7103,177468
2023-09-19 04:00:00,302.48,306.17,299.81,305.07,15931618.0,303.3864,214669
2023-09-20 04:00:00,305.05,308.06,299.43,299.67,19379515.0,303.1839,203723
2023-09-21 04:00:00,295.7,300.2566,293.27,295.73,21319582.0,296.5963,277316
2023-09-22 04:00:00,299.3,305.38,298.27,299.08,25369592.0,301.5116,291200
2023-09-25 04:00:00,295.64,300.95,293.7,300.83,18987014.0,298.6689,222991
2023-09-26 04:00:00,297.66,300.2999,296.0101,298.96,19417161.0,298.4791,252147
2023-09-27 04:00:00,300.45,301.2997,286.79,297.74,36429835.0,296.1078,441922
2023-09-28 04:00:00,298.935,306.3299,296.7,303.96,22167075.0,302.8707,275641
2023-09-29 04:00:00,307.38,310.64,299.36,300.21,25373695.0,303.8427,291279
2023-10-02 04:00:00,302.74,307.18,301.63,306.82,16265571.0,304.8494,226361
2023-10-03 04:00:00,304.26,306.77,299.64,300.94,17362250.0,301.6725,252951
2023-10-04 04:00:00,298.725,306.9,298.5,305.58,16880484.0,303.6408,229627
2023-10-05 04:00:00,304.625,306.208,299.5,304.79,19129957.0,302.5251,256757
2023-10-06 04:00:00,301.44,316.31,300.9148,315.43,21803856.0,310.3187,302133
2023-10-09 04:00:00,312.5,320.33,311.82,318.36,22503662.0,317.5284,305500
2023-10-10 04:00:00,319.12,324.66,318.16,321.84,19037973.0,321.6491,262126
2023-10-11 04:00:00,323.005,328.835,322.95,327.82,22036297.0,326.4548,279810
2023-10-12 04:00:00,328.0,330.54,322.69,324.16,20530518.0,326.7867,287647
2023-10-13 04:00:00,323.53,325.0502,312.37,314.69,21360790.0,316.9539,323805
2023-10-16 04:00:00,318.64,321.82,315.52,321.15,16536114.0,319.8122,222798
2023-10-17 04:00:00,318.18,324.4,317.3,324.0,16387799.0,322.2188,230269
2023-10-18 04:00:00,321.39,325.94,315.56,316.97,16851003.0,319.8289,234929
2023-10-19 04:00:00,319.875,321.89,311.7504,312.81,18709160.0,316.0353,265995
2023-10-20 04:00:00,314.14,315.3,306.47,308.65,22312275.0,310.2662,262192
2023-10-23 04:00:00,309.5,317.36,307.26,314.01,17796785.0,313.7635,256234
2023-10-24 04:00:00,316.78,318.35,310.63,312.55,19525488.0,313.8561,270023
2023-10-25 04:00:00,310.0,310.88,298.84,299.53,42192474.0,303.4799,584193
2023-10-26 04:00:00,295.0,295.0,279.403,288.35,66684141.0,287.4941,814791
2023-10-27 04:00:00,294.48,299.31,292.97,296.73,29596256.0,296.238,388846
2023-10-30 04:00:00,299.09,309.3967,299.05,302.66,28435053.0,303.899,328762
2023-10-31 04:00:00,303.31,303.68,296.86,301.27,19434168.0,300.3657,227193
2023-11-01 04:00:00,301.85,312.74,301.85,311.85,20434580.0,308.0879,283351
2023-11-02 04:00:00,317.3,318.82,308.33,310.87,21631820.0,310.9582,286079
2023-11-03 04:00:00,312.55,315.55,311.0167,314.6,16764315.0,313.5012,214673
2023-11-06 05:00:00,315.98,318.33,314.45,315.8,12887699.0,316.1743,202161
2023-11-07 05:00:00,317.06,321.0,315.12,318.82,14055614.0,319.012,211554
2023-11-08 05:00:00,318.14,321.33,314.88,319.78,13609704.0,318.4136,200444
2023-11-09 05:00:00,319.418,324.1799,318.8,320.55,16103071.0,320.8701,210880
2023-11-10 05:00:00,319.94,329.1,319.46,328.77,19116921.0,326.0307,259531
2023-11-13 05:00:00,326.2,332.33,325.7,329.19,16908948.0,329.7905,240275
2023-11-14 05:00:00,334.54,338.1,333.33,336.31,17179403.0,335.6648,283459
2023-11-15 05:00:00,337.93,338.4,330.02,332.71,14531180.0,333.8064,244791
2023-11-16 05:00:00,329.37,334.58,326.38,334.19,18932572.0,331.0919,254880
2023-11-17 05:00:00,330.26,335.5,329.35,335.04,14519213.0,333.7311,199826
2023-11-20 05:00:00,334.89,341.87,334.19,339.97,16976129.0,339.1649,253207
2023-11-21 05:00:00,338.33,339.9015,335.9,336.98,12027863.0,337.797,179097
2023-11-22 05:00:00,339.21,342.92,338.58,341.49,10715177.0,341.2081,177659
2023-11-24 05:00:00,340.13,341.8556,336.77,338.23,5467488.0,338.5242,110116
2023-11-27 05:00:00,336.18,339.9,334.2,334.7,15684454.0,336.7722,220976
2023-11-28 05:00:00,333.4,339.375,333.4,338.99,12637245.0,336.5304,191192
2023-11-29 05:00:00,339.69,339.9,330.78,332.2,16024497.0,333.7271,241288
2023-11-30 05:00:00,331.89,333.5,322.4037,327.15,23146387.0,326.4796,276767
2023-12-01 05:00:00,325.48,326.86,320.76,324.82,15276375.0,323.7025,235714
2023-12-04 05:00:00,317.29,320.86,313.66,320.02,19037080.0,317.5143,290707
2023-12-05 05:00:00,318.98,321.88,315.39,318.29,16952128.0,318.2314,232596
2023-12-06 05:00:00,321.93,322.25,317.04,317.45,11294337.0,319.0872,172199
2023-12-07 05:00:00,317.77,328.24,317.77,326.59,15905079.0,325.3226,227810
2023-12-08 05:00:00,323.09,333.17,323.0,332.75,14087351.0,330.6575,186509
2023-12-11 05:00:00,329.4,329.89,319.995,325.28,25802462.0,323.9741,348363
2023-12-12 05:00:00,324.6,334.47,324.56,334.22,18485461.0,331.2334,245444
2023-12-13 05:00:00,333.93,338.37,332.64,334.74,16353321.0,335.1827,240674
2023-12-14 05:00:00,333.85,334.7,328.6371,333.17,19607335.0,332.0786,287019
2023-12-15 05:00:00,331.99,338.66,331.22,334.92,31776852.0,335.0784,247520
2023-12-18 05:00:00,337.48,347.56,337.02,344.62,18993852.0,344.14,274950
2023-12-19 05:00:00,345.58,353.6,345.12,350.36,17729362.0,350.5553,259146
2023-12-20 05:00:00,348.65,354.96,347.79,349.28,16369850.0,351.2067,242195
2023-12-21 05:00:00,352.98,356.405,349.21,354.09,15289556.0,352.6445,213125
2023-12-22 05:00:00,355.58,357.1999,351.22,353.39,11772779.0,353.8921,177592
2023-12-26 05:00:00,354.99,356.98,353.45,354.83,9898614.0,355.0389,150679
2023-12-27 05:00:00,356.07,359.0,355.31,357.83,13207928.0,357.4562,172298
2023-12-28 05:00:00,359.7,361.9,357.81,358.32,11798807.0,359.6398,196529
2023-12-29 05:00:00,358.99,360.0,351.82,353.96,14987092.0,354.5359,215677
2024-01-02 05:00:00,351.32,353.16,340.01,346.29,19042152.0,344.8294,304920
2024-01-03 05:00:00,344.98,347.95,343.175,344.47,15451133.0,345.1354,218247
2024-01-04 05:00:00,344.5,348.1499,343.3987,347.12,12099895.0,346.4744,172395
2024-01-05 05:00:00,346.99,353.5,346.2601,351.95,13750912.0,351.0891,215312
2024-01-08 05:00:00,354.7,358.98,352.05,358.66,13890222.0,356.1434,219790
2024-01-09 05:00:00,356.4,360.64,355.36,357.43,13463871.0,358.1433,196368
2024-01-10 05:00:00,360.17,372.94,359.08,370.47,22117206.0,368.959,346109
2024-01-11 05:00:00,372.13,372.78,362.93,369.67,17205385.0,367.968,274760
2024-01-12 05:00:00,370.155,377.06,369.54,374.49,19310046.0,374.3387,244162
2024-01-16 05:00:00,373.65,375.61,367.23,367.46,15306885.0,369.5988,253891
2024-01-17 05:00:00,366.3,368.54,358.61,368.37,12724779.0,365.4212,203952
2024-01-18 05:00:00,371.49,376.85,370.95,376.13,16354332.0,374.7238,221387
2024-01-19 05:00:00,379.0,384.36,377.97,383.45,21670806.0,382.1352,270983
2024-01-22 05:00:00,387.95,390.3525,381.1601,381.78,17680454.0,384.1798,265063
2024-01-23 05:00:00,384.615,388.38,382.075,385.2,15506096.0,385.2313,227459
2024-01-24 05:00:00,390.0,396.15,387.81,390.7,15604285.0,392.2263,264915
2024-01-25 05:00:00,390.17,395.49,385.66,393.18,15091080.0,392.6941,244036
2024-01-26 05:00:00,394.35,396.79,391.5908,394.14,13159290.0,394.7271,214391
2024-01-29 05:00:00,394.985,402.93,393.1,401.02,18742433.0,399.7678,278755
2024-01-30 05:00:00,403.59,406.36,399.57,400.06,18614727.0,402.3054,302238
2024-01-31 05:00:00,389.0,398.0,387.1,390.14,20180817.0,392.7801,335046
2024-02-01 05:00:00,393.94,400.5,393.05,394.78,29727051.0,411.445,498977
2024-02-02 05:00:00,459.6,485.96,453.01,474.99,84707646.0,473.7256,1202622
2024-02-05 05:00:00,469.88,471.9,459.22,459.41,40832376.0,463.4454,621255
2024-02-06 05:00:00,464.0,467.12,453.0,454.72,21655214.0,457.603,345659
2024-02-07 05:00:00,458.0,471.52,456.1773,469.59,23065994.0,467.8721,348014
2024-02-08 05:00:00,468.32,470.59,465.03,470.0,18815097.0,468.4779,292513
2024-02-09 05:00:00,472.95,473.59,467.465,468.11,18413137.0,469.7126,291819
2024-02-12 05:00:00,468.19,479.145,466.58,468.9,19381963.0,473.0294,320857
2024-02-13 05:00:00,456.87,467.89,455.09,460.12,20916602.0,462.0548,305226
2024-02-14 05:00:00,467.93,474.11,466.0901,473.28,16858401.0,469.9091,266637
2024-02-15 05:00:00,475.28,488.62,472.22,484.03,24212326.0,482.9487,365753
2024-02-16 05:00:00,478.11,478.96,469.21,473.32,23324620.0,473.9798,364856
2024-02-20 05:00:00,469.715,476.18,466.56,471.75,18015523.0,470.7077,281914
2024-02-21 05:00:00,466.5,469.0,461.79,468.03,12977050.0,466.5231,229873
2024-02-22 05:00:00,480.24,489.99,476.0618,486.13,21625805.0,485.5276,385784
2024-02-23 05:00:00,488.05,494.3599,482.3482,484.03,18374286.0,487.0397,299145
2024-02-26 05:00:00,483.47,486.14,480.6,481.74,12101415.0,483.07,217808
2024-02-27 05:00:00,479.975,487.27,479.92,487.05,10809595.0,484.7694,200534
2024-02-28 05:00:00,485.0,491.05,482.75,484.02,12715486.0,485.9821,224438
2024-02-29 05:00:00,488.44,491.7,482.61,490.13,17732045.0,489.0946,233416
2024-03-01 05:00:00,492.11,504.25,491.85,502.3,15884882.0,500.4154,319523
2024-03-04 05:00:00,503.0,504.42,496.42,498.19,12324141.0,500.2935,272883
2024-03-05 05:00:00,495.0,495.58,487.89,490.22,15325299.0,491.0001,290950
2024-03-06 05:00:00,497.63,502.97,494.292,496.09,11757925.0,497.536,236857
2024-03-07 05:00:00,503.28,519.85,501.38,512.19,18586437.0,511.1997,341225
2024-03-08 05:00:00,514.19,523.57,499.35,505.95,18597059.0,510.2396,344927
2024-03-11 04:00:00,497.01,497.318,476.0,483.59,20428274.0,484.8228,399014
2024-03-12 04:00:00,493.26,502.31,484.73,499.75,15448232.0,496.0547,297006
2024-03-13 04:00:00,495.39,500.98,491.0318,495.57,12090656.0,495.7539,234797
2024-03-14 04:00:00,500.255,501.35,488.16,491.83,12620014.0,494.1371,231030
2024-03-15 04:00:00,489.01,491.83,481.3001,484.1,29153576.0,484.7962,239989
2024-03-18 04:00:00,491.91,497.42,486.81,496.98,11755251.0,493.3952,219263
2024-03-19 04:00:00,488.17,496.6296,481.28,496.24,10903092.0,491.5704,197787
2024-03-20 04:00:00,499.5,508.1999,495.17,505.52,11711100.0,501.8557,198307
2024-03-21 04:00:00,514.71,515.04,506.01,507.76,9712549.0,509.0686,190237
2024-03-22 04:00:00,507.0,509.97,504.34,509.58,8120593.0,507.783,153406
2024-03-25 04:00:00,505.79,507.22,500.2411,503.02,8380617.0,504.2628,168962
2024-03-26 04:00:00,505.13,510.0,495.2137,495.89,11205382.0,503.0505,199810
2024-03-27 04:00:00,499.3,499.89,488.07,493.86,9989676.0,492.5827,205829
2024-03-28 04:00:00,492.84,492.89,485.15,485.58,15212764.0,487.5029,253621
2024-04-01 04:00:00,487.2,497.43,481.78,491.35,9247007.0,491.4861,196857
2024-04-02 04:00:00,485.1,497.53,484.65,497.37,11081026.0,492.5131,211493
2024-04-03 04:00:00,498.93,507.24,498.75,506.74,12099171.0,504.911,230137
2024-04-04 04:00:00,516.42,530.0,510.58,510.92,26476253.0,520.4068,403717
2024-04-05 04:00:00,516.855,530.7,514.4099,527.34,19263265.0,524.7423,323041
2024-04-08 04:00:00,529.28,531.4899,518.89,519.25,13260579.0,523.1283,248703
2024-04-09 04:00:00,522.23,525.87,506.74,516.9,10881445.0,515.1833,219227
2024-04-10 04:00:00,509.29,522.5599,505.8,519.83,11418491.0,517.7612,233325
2024-04-11 04:00:00,521.11,523.86,517.29,523.16,10369469.0,521.0361,200577
2024-04-12 04:00:00,517.75,520.1899,509.33,511.9,11984535.0,513.3252,213859
2024-04-15 04:00:00,516.72,518.53,497.28,500.23,13512893.0,505.0114,252684
2024-04-16 04:00:00,498.11,504.7699,497.11,499.76,9847925.0,501.0835,197020
2024-04-17 04:00:00,503.1,503.16,487.14,494.17,12193743.0,495.0583,255481
2024-04-18 04:00:00,499.82,512.21,499.04,501.8,14808670.0,505.4031,264231
2024-04-19 04:00:00,502.8,502.8,475.73,481.07,25215364.0,485.4792,402633
2024-04-22 04:00:00,489.715,492.01,473.4,481.73,17271125.0,482.1294,343668
2024-04-23 04:00:00,491.25,498.76,488.97,496.1,15079196.0,494.3913,269952
2024-04-24 04:00:00,508.06,510.0,484.58,493.5,37772677.0,472.1819,760826
2024-04-25 04:00:00,421.4,445.77,414.5,441.38,82890741.0,432.6706,1379142
2024-04-26 04:00:00,441.46,446.44,431.96,443.29,32691443.0,440.362,565017
2024-04-29 04:00:00,439.56,439.76,428.56,432.62,21502646.0,432.8788,436636
2024-04-30 04:00:00,431.05,439.6199,429.72,430.17,18429496.0,433.1807,309926
2024-05-01 04:00:00,428.6,449.96,427.11,439.19,20344947.0,439.2013,349545
2024-05-02 04:00:00,438.84,443.96,432.28,441.68,15221322.0,439.1697,261997
2024-05-03 04:00:00,445.93,454.17,443.85,451.96,16489057.0,450.3763,298621
2024-05-06 04:00:00,455.58,466.16,453.34,465.68,15094627.0,460.553,293476
2024-05-07 04:00:00,466.29,471.53,461.31,468.24,13406816.0,467.1253,252770
2024-05-08 04:00:00,463.5,475.58,463.002,472.6,11683929.0,472.0189,223028
2024-05-09 04:00:00,470.0,476.08,467.63,475.42,9437651.0,473.7602,202470
2024-05-10 04:00:00,477.09,477.5,469.6,476.2,10749999.0,474.372,211532
2024-05-13 04:00:00,472.75,473.35,462.85,468.01,14668798.0,467.7033,261958
2024-05-14 04:00:00,463.37,472.54,460.08,471.85,10478553.0,468.4508,208229
2024-05-15 04:00:00,474.98,482.4999,471.2,481.54,13100470.0,478.2368,238245
2024-05-16 04:00:00,475.0,477.69,472.75,473.23,16608179.0,475.265,259957
2024-05-17 04:00:00,470.83,472.8,468.42,471.91,10807289.0,470.999,201358
2024-05-20 04:00:00,469.95,473.2,467.04,468.84,11745080.0,470.012,222660
2024-05-21 04:00:00,467.12,470.7,462.27,464.63,11742189.0,465.3986,235686
2024-05-22 04:00:00,467.87,473.7199,465.65,467.78,10078611.0,469.4215,190035
2024-05-23 04:00:00,472.88,474.3581,461.54,465.78,11747913.0,467.078,230168
2024-05-24 04:00:00,467.62,479.8499,466.3,478.22,12024254.0,475.4033,235641
2024-05-28 04:00:00,476.575,480.86,474.84,479.92,10175770.0,477.7034,205155
2024-05-29 04:00:00,474.66,479.85,473.7,474.36,9226218.0,475.9519,178151
2024-05-30 04:00:00,471.67,471.73,464.71,467.05,10735226.0,467.8818,218561
2024-05-31 04:00:00,465.8,469.12,454.4601,466.83,16919805.0,462.3466,267637
2024-06-03 04:00:00,470.86,479.6,468.24,477.49,11279390.0,475.3551,241709
2024-06-04 04:00:00,477.0,478.89,473.2322,476.99,7088718.0,475.9153,157167
2024-06-05 04:00:00,484.45,496.65,483.91,495.06,15690484.0,490.2436,305775
2024-06-06 04:00:00,492.98,502.82,490.89,493.76,10667339.0,496.3788,232913
2024-06-07 04:00:00,495.91,498.91,490.1701,492.96,9380745.0,494.4831,165787
2024-06-10 04:00:00,493.86,502.66,493.41,502.6,11236919.0,499.4915,196045
2024-06-11 04:00:00,500.16,507.6,498.27,507.47,9673715.0,504.3332,192309
2024-06-12 04:00:00,513.99,514.01,504.47,508.84,11983227.0,508.1281,245766
2024-06-13 04:00:00,505.71,509.36,501.36,504.1,9954621.0,504.512,185894
2024-06-14 04:00:00,502.65,507.15,500.75,504.16,10243347.0,503.522,169684
2024-06-17 04:00:00,501.67,510.75,496.01,506.63,11266601.0,504.6524,222668
2024-06-18 04:00:00,504.56,506.0,495.02,499.49,13060425.0,499.662,244389
2024-06-20 04:00:00,502.0,503.67,496.77,501.7,11801182.0,500.9273,218689
2024-06-21 04:00:00,503.45,503.45,492.39,494.78,23130732.0,496.8194,231446
2024-06-24 04:00:00,499.2,507.8,494.29,498.91,13525278.0,500.3552,267698
2024-06-25 04:00:00,497.05,510.71,495.5,510.6,12109769.0,507.7856,232512
2024-06-26 04:00:00,506.645,513.81,504.6765,513.12,8882337.0,511.4409,191570
2024-06-27 04:00:00,514.25,522.8799,513.9,519.56,10121199.0,518.9361,218835
2024-06-28 04:00:00,517.15,521.88,503.84,504.22,15855137.0,510.1023,253527
2024-07-01 04:00:00,504.95,506.58,493.17,504.68,10328150.0,500.8728,243699
2024-07-02 04:00:00,500.76,510.5,499.45,509.5,7739479.0,506.9239,177222
2024-07-03 04:00:00,506.37,511.28,506.02,509.96,6005615.0,509.2765,137551
2024-07-05 04:00:00,511.6,540.87,511.6,539.91,21354093.0,531.5014,399774
2024-07-08 04:00:00,542.35,542.81,526.65,529.32,14917495.0,531.3638,346302
2024-07-09 04:00:00,533.75,537.48,528.1901,530.0,8769088.0,532.1336,209972
2024-07-10 04:00:00,530.79,538.88,528.36,534.69,10983276.0,534.286,220271
2024-07-11 04:00:00,530.89,535.46,508.3733,512.7,16458253.0,517.1415,372805
2024-07-12 04:00:00,497.755,508.09,494.23,498.87,19750544.0,501.4485,431007
2024-07-15 04:00:00,498.63,506.6799,493.37,496.16,12539163.0,498.707,307888
2024-07-16 04:00:00,501.5,503.9499,485.79,489.79,14075833.0,491.3363,311407
2024-07-17 04:00:00,479.17,479.17,459.12,461.99,28076595.0,466.5608,594311
2024-07-18 04:00:00,475.0,479.2393,464.54,475.85,19267160.0,472.1319,371129
2024-07-19 04:00:00,476.06,486.71,475.71,476.79,15149416.0,480.0009,275815
2024-07-22 04:00:00,486.575,492.06,483.9,487.4,12023088.0,487.9114,247754
2024-07-23 04:00:00,489.84,495.22,487.72,488.69,9455527.0,490.5502,218059
2024-07-24 04:00:00,472.305,476.3,460.58,461.27,17649738.0,466.8113,344938
2024-07-25 04:00:00,463.26,463.548,442.65,453.41,18240489.0,455.0198,355518
2024-07-26 04:00:00,464.195,469.77,459.42,465.7,14222388.0,465.0311,253195
2024-07-29 04:00:00,469.88,473.96,465.02,465.71,11339630.0,468.3443,207978
2024-07-30 04:00:00,467.0,472.73,456.7,463.19,11390439.0,463.5718,221092
2024-07-31 04:00:00,471.02,476.5,466.75,474.83,24285777.0,480.6513,403555
2024-08-01 04:00:00,521.0,527.1709,492.1,497.74,43083082.0,507.8696,692595
2024-08-02 04:00:00,489.0,501.145,476.15,488.14,24044658.0,487.3537,415905
2024-08-05 04:00:00,451.345,483.48,450.8,475.73,21396191.0,471.2415,450129
2024-08-06 04:00:00,479.0,502.56,478.65,494.09,20954959.0,494.4545,369517
2024-08-07 04:00:00,503.13,510.15,486.86,488.92,20105307.0,497.2341,348628
2024-08-08 04:00:00,497.5,509.96,494.72,509.63,16156843.0,503.9575,283215
2024-08-09 04:00:00,507.71,518.34,505.7,517.77,13696640.0,513.4456,240339
2024-08-12 04:00:00,516.86,518.02,509.1,515.95,9767422.0,514.8197,199845
2024-08-13 04:00:00,520.01,531.4999,518.15,528.54,13743839.0,526.3651,249714
2024-08-14 04:00:00,528.06,534.0,523.13,526.76,11444189.0,528.2203,204545
2024-08-15 04:00:00,531.79,539.77,526.7,537.33,13482141.0,536.4656,238529
2024-08-16 04:00:00,531.9,533.66,524.66,527.42,14776684.0,529.1583,258747
2024-08-19 04:00:00,526.87,531.66,522.76,529.28,9879713.0,527.3932,194661
2024-08-20 04:00:00,528.35,531.09,525.88,526.73,7944391.0,528.0061,163290
2024-08-21 04:00:00,527.15,539.4,526.935,535.16,13423292.0,534.1308,234243
2024-08-22 04:00:00,537.0,544.23,528.59,531.93,15708292.0,535.5007,242868
2024-08-23 04:00:00,536.92,539.87,525.06,528.0,11323936.0,530.4673,208435
2024-08-26 04:00:00,527.6,528.0,514.95,521.12,9584002.0,520.5343,202904
2024-08-27 04:00:00,518.98,524.01,515.31,519.1,6282720.0,519.8703,141014
2024-08-28 04:00:00,517.675,521.085,512.45,516.78,9106077.0,516.3376,176573
2024-08-29 04:00:00,519.05,527.2,515.6789,518.22,8317424.0,521.2316,181057
2024-08-30 04:00:00,521.35,523.54,515.2,521.31,9157541.0,519.8322,157531
2024-09-03 04:00:00,519.64,525.49,508.6176,511.76,12459113.0,514.3167,258240
2024-09-04 04:00:00,506.07,516.59,504.07,512.74,8335207.0,512.3593,174527
2024-09-05 04:00:00,511.72,521.6295,511.15,516.86,8640888.0,516.4166,177693
2024-09-06 04:00:00,521.88,524.5849,498.25,500.27,14744521.0,505.169,278066
2024-09-09 04:00:00,506.16,511.33,502.08,504.79,11047828.0,505.3891,189309
2024-09-10 04:00:00,508.16,514.18,500.0278,504.79,9899022.0,505.604,180456
2024-09-11 04:00:00,507.01,513.12,495.6,511.83,10782532.0,506.294,199382
2024-09-12 04:00:00,517.05,526.71,515.22,525.6,11993342.0,522.3835,238761
2024-09-13 04:00:00,520.34,527.581,517.11,524.62,10321422.0,524.3678,193182
2024-09-16 04:00:00,524.54,534.1,517.4,533.28,9527646.0,527.7611,196342
2024-09-17 04:00:00,537.6,542.1,530.57,536.315,11690779.0,536.0625,206576
2024-09-18 04:00:00,537.065,544.2,533.9026,537.95,10323537.0,538.5835,193714
2024-09-19 04:00:00,550.0,562.07,546.52,559.1,15646951.0,556.471,309813
2024-09-20 04:00:00,560.0,564.5,556.3001,561.35,22066817.0,561.1707,237051
2024-09-23 04:00:00,569.5,573.9799,562.41,564.41,12830669.0,566.2661,232829
2024-09-24 04:00:00,566.68,567.745,554.19,563.33,12992956.0,561.6876,210803
2024-09-25 04:00:00,564.05,576.88,563.72,568.31,16543350.0,570.4965,294987
2024-09-26 04:00:00,575.73,577.4,562.3501,567.84,14400787.0,569.0338,274191
2024-09-27 04:00:00,570.1,570.8399,564.51,567.36,9398367.0,567.6383,185300
2024-09-30 04:00:00,567.7,574.68,564.8,572.44,12807206.0,571.1022,198226
2024-10-01 04:00:00,577.98,583.04,570.1,576.47,15259274.0,576.8098,275136
2024-10-02 04:00:00,574.86,576.0,569.34,572.81,6524650.0,572.9866,160973
2024-10-03 04:00:00,570.15,583.36,568.73,582.77,11580980.0,579.0734,219869
2024-10-04 04:00:00,583.73,596.85,581.43,595.94,14199788.0,589.8149,262851
2024-10-07 04:00:00,598.22,602.95,584.04,584.78,12014198.0,591.1166,260097
2024-10-08 04:00:00,589.69,593.56,585.97,592.89,7857377.0,590.6561,165549
2024-10-09 04:00:00,593.99,594.39,581.61,590.51,9529707.0,588.0853,216196
2024-10-10 04:00:00,587.57,590.23,582.52,583.83,7740449.0,585.6366,172252
2024-10-11 04:00:00,584.83,591.21,582.71,589.95,8587051.0,587.7321,175528
2024-10-14 04:00:00,594.22,600.1,589.96,590.42,8251971.0,593.7079,190703
2024-10-15 04:00:00,590.16,590.61,580.143,586.27,9564236.0,585.4106,215267
2024-10-16 04:00:00,581.395,582.08,574.03,576.79,11268384.0,576.7788,233780
2024-10-17 04:00:00,583.33,584.97,575.2,576.93,8701158.0,578.3077,173524
2024-10-18 04:00:00,581.1,583.9675,575.25,576.47,7694274.0,579.138,153979
2024-10-21 04:00:00,576.03,577.2399,569.11,575.16,8171879.0,573.1818,180549
2024-10-22 04:00:00,574.29,583.53,572.12,582.01,8544463.0,579.516,169579
2024-10-23 04:00:00,579.97,585.0,562.5,563.69,14248419.0,570.018,276890
2024-10-24 04:00:00,567.125,568.8799,561.52,567.78,7184651.0,566.5543,163321
2024-10-25 04:00:00,573.935,581.29,571.72,573.25,11337874.0,575.5876,211240
2024-10-28 04:00:00,582.0,583.7499,574.12,578.16,10925131.0,577.8675,205653
2024-10-29 04:00:00,580.145,593.67,575.398,593.28,13019092.0,588.9408,260631
2024-10-30 04:00:00,600.98,601.2,589.38,591.8,26864925.0,592.7667,549276
2024-10-31 04:00:00,585.0,589.9,563.01,567.58,26838395.0,572.4365,516258
2024-11-01 04:00:00,567.605,573.67,562.56,567.16,15303235.0,568.9208,288091
2024-11-04 05:00:00,564.1,568.69,557.89,560.68,12064601.0,562.5451,244774
2024-11-05 05:00:00,567.305,573.48,566.67,572.43,9775379.0,570.7714,187604
2024-11-06 05:00:00,562.75,573.0,555.1679,572.05,18305429.0,566.2388,386439
2024-11-07 05:00:00,576.89,594.7999,575.21,591.7,14653708.0,589.3141,311945
2024-11-08 05:00:00,591.54,593.1,584.52,589.34,9415699.0,588.229,206210
2024-11-11 05:00:00,586.36,587.0,576.51,583.17,10209051.0,581.9176,218814
2024-11-12 05:00:00,588.545,599.66,580.38,584.82,16287724.0,587.4764,317132
2024-11-13 05:00:00,582.605,585.64,575.17,580.0,10757583.0,580.6955,207528
2024-11-14 05:00:00,577.0,580.76,573.01,577.16,11053743.0,576.4384,189141
2024-11-15 05:00:00,571.22,572.57,551.5,554.08,17712864.0,558.4149,339379
2024-11-18 05:00:00,557.04,559.9,550.09,554.4,14346715.0,555.0467,247177
2024-11-19 05:00:00,551.86,561.43,550.6,561.09,9522445.0,556.9439,166827
2024-11-20 05:00:00,562.93,566.3499,554.2001,565.52,9797339.0,562.6119,184700
2024-11-21 05:00:00,569.52,570.0,549.05,563.09,11154749.0,559.6872,228107
2024-11-22 05:00:00,563.55,563.8273,554.59,559.14,9164004.0,558.7626,194672
2024-11-25 05:00:00,562.1,572.5915,556.39,565.11,13599830.0,564.2552,212359
2024-11-26 05:00:00,566.0,577.5,565.2,573.54,10356550.0,572.9434,191661
2024-11-27 05:00:00,574.89,574.98,564.1001,569.2,7200228.0,568.5854,143981
2024-11-29 05:00:00,569.0,578.46,566.9,574.32,7130519.0,574.3568,130043
2024-12-02 05:00:00,577.5,594.5,575.57,592.83,12522371.0,589.8679,245023
2024-12-03 05:00:00,595.0,614.2,591.2501,613.65,14907164.0,605.8793,295852
2024-12-04 05:00:00,612.96,617.78,605.1,613.78,14697006.0,612.1586,271514
2024-12-05 05:00:00,617.075,619.9,607.05,608.93,8081212.0,610.8825,184364
2024-12-06 05:00:00,610.1,629.7899,608.53,623.77,16935503.0,622.1909,279559
2024-12-09 05:00:00,623.925,626.4,606.1701,613.57,11426015.0,614.4754,257040
2024-12-10 05:00:00,617.56,625.59,612.74,619.32,10938854.0,619.1516,211246
2024-12-11 05:00:00,623.37,638.4,621.5349,632.68,10837228.0,633.0106,241989
2024-12-12 05:00:00,631.5,636.6599,627.2094,630.79,7474717.0,631.856,189687
2024-12-13 05:00:00,627.22,631.08,616.886,620.35,8453349.0,621.4326,205799
2024-12-16 05:00:00,629.975,631.15,618.58,624.24,10885625.0,624.9055,242913
2024-12-17 05:00:00,626.17,632.37,616.54,619.44,12897842.0,621.5642,249660
2024-12-18 05:00:00,621.0,627.36,596.32,597.19,17075480.0,611.6723,318022
2024-12-19 05:00:00,610.39,611.52,595.0,595.57,14958082.0,600.5416,284487
2024-12-20 05:00:00,590.58,603.11,580.0,585.25,48989390.0,588.0525,317394
2024-12-23 05:00:00,589.6,601.09,586.25,599.85,10205750.0,595.7855,232826
2024-12-24 05:00:00,602.715,607.99,599.2849,607.75,4726056.0,605.0638,121225
2024-12-26 05:00:00,605.48,606.3,598.94,603.35,6091239.0,603.1119,168513
2024-12-27 05:00:00,599.41,601.85,589.8,599.81,8084229.0,595.7816,202554
2024-12-30 05:00:00,588.75,596.9399,585.58,591.24,7025864.0,591.6705,190972
2024-12-31 05:00:00,592.265,593.97,583.85,585.51,6019520.0,588.0471,151474
2025-01-02 05:00:00,589.72,604.91,587.82,599.24,12682269.0,597.1487,248322
2025-01-03 05:00:00,604.76,609.5,596.4136,604.63,11436784.0,603.2823,220346
2025-01-06 05:00:00,611.825,630.99,605.62,630.2,14560754.0,621.719,301412
2025-01-07 05:00:00,631.7,632.1011,608.23,617.89,12071479.0,619.0049,283114
2025-01-08 05:00:00,613.395,616.4397,602.79,610.72,10085846.0,610.9938,226180
2025-01-10 05:00:00,610.03,629.91,597.34,615.86,19256564.0,616.6368,394275
2025-01-13 05:00:00,607.1,608.97,598.445,608.33,10785031.0,605.1634,251995
2025-01-14 05:00:00,605.065,605.49,588.55,594.25,13597992.0,595.6279,318111
2025-01-15 05:00:00,610.21,622.46,606.5,617.12,15524302.0,615.6588,295460
2025-01-16 05:00:00,611.5,616.25,609.71,611.3,8355349.0,612.4426,193828
2025-01-17 05:00:00,624.05,624.97,603.67,612.77,17280600.0,614.6584,283468
2025-01-21 05:00:00,617.825,621.5,609.0082,616.46,11674016.0,616.2588,271033
2025-01-22 05:00:00,623.3,633.7,619.435,623.5,12274011.0,626.1746,264124
2025-01-23 05:00:00,627.36,636.6,621.15,636.45,9910163.0,631.1395,225153
2025-01-24 05:00:00,636.4,652.0,634.2,647.49,19065329.0,644.7221,423876
2025-01-27 05:00:00,626.61,663.87,625.1,659.88,28399190.0,649.3074,620713
2025-01-28 05:00:00,666.0,682.58,659.465,674.33,20950107.0,673.4472,470037
2025-01-29 05:00:00,675.0,681.0459,665.67,676.49,21377820.0,677.1677,503477
2025-01-30 05:00:00,696.82,710.79,676.1,687.0,29322898.0,693.2224,580180
2025-01-31 05:00:00,691.0,705.2999,685.58,689.18,19331660.0,695.4858,390412
2025-02-03 05:00:00,675.91,704.0,675.25,697.46,21415739.0,695.3326,425385
2025-02-04 05:00:00,702.5,707.71,691.61,704.19,13826270.0,702.5395,308851
2025-02-05 05:00:00,703.55,718.14,699.01,704.87,17793766.0,706.5286,339273
2025-02-06 05:00:00,705.88,718.9,703.5,711.99,13080690.0,711.5891,290274
2025-02-07 05:00:00,716.795,725.01,711.75,714.52,16427067.0,717.5696,332899
2025-02-10 05:00:00,718.56,721.2,711.33,717.4,12904317.0,716.2391,279239
2025-02-11 05:00:00,713.32,723.66,710.04,719.8,12997959.0,718.4189,258899
2025-02-12 05:00:00,715.3,727.1,712.6,725.38,12016517.0,721.9081,259828
2025-02-13 05:00:00,721.5197,729.0,718.04,728.56,12569064.0,724.3386,273427
2025-02-14 05:00:00,726.14,740.91,725.62,736.67,16901249.0,735.0922,321136
2025-02-18 05:00:00,736.0,737.0,706.44,716.37,21938703.0,717.2434,483676
2025-02-19 05:00:00,704.095,707.0,695.39,703.77,17535480.0,702.3489,399105
2025-02-20 05:00:00,697.275,705.63,693.64,694.84,12587408.0,697.4905,273924
2025-02-21 05:00:00,696.58,703.87,682.36,683.55,15660355.0,690.0984,324895
2025-02-24 05:00:00,686.28,687.27,662.45,668.13,15676994.0,670.8302,363259
2025-02-25 05:00:00,665.972,668.0,641.86,657.5,20579662.0,655.4344,426919
2025-02-26 05:00:00,659.65,683.0078,658.0,673.7,14488705.0,673.8935,332634
2025-02-27 05:00:00,682.45,688.6469,657.57,658.24,12500013.0,668.3666,288475
2025-02-28 05:00:00,658.04,669.63,642.6017,668.2,17534168.0,661.5255,316028
2025-03-03 05:00:00,673.675,681.25,650.8439,655.05,10843763.0,663.4861,278828
2025-03-04 05:00:00,645.51,649.75,623.65,640.0,21495208.0,636.1123,496156
2025-03-05 05:00:00,641.0,659.5,637.66,656.47,13770026.0,649.6496,298281
2025-03-06 05:00:00,648.0,650.5625,624.11,627.93,13446454.0,635.2639,335006
2025-03-07 05:00:00,625.37,634.79,600.61,625.66,21375671.0,617.7874,421322
2025-03-10 04:00:00,608.07,610.1059,586.8701,597.99,21999943.0,596.573,518102
2025-03-11 04:00:00,595.055,614.934,593.33,605.71,17401469.0,605.6003,355019
2025-03-12 04:00:00,629.9,633.33,609.35,619.56,15746966.0,621.7399,341531
2025-03-13 04:00:00,620.245,620.5,586.51,590.64,16480324.0,596.4984,378837
2025-03-14 04:00:00,602.805,608.86,594.78,607.6,12364505.0,604.3189,284749
2025-03-17 04:00:00,607.46,613.1,598.0,604.9,15473909.0,603.8524,313855
2025-03-18 04:00:00,600.05,600.25,574.66,582.36,20297708.0,582.3347,426608
2025-03-19 04:00:00,584.28,592.3223,574.77,584.06,20537498.0,583.139,354108
2025-03-20 04:00:00,582.755,610.2,579.51,586.0,24336505.0,595.6458,420212
2025-03-21 04:00:00,583.425,597.545,580.95,596.25,25015864.0,592.5178,313359
2025-03-24 04:00:00,614.97,622.54,612.2001,618.85,15741274.0,616.8968,335865
2025-03-25 04:00:00,626.76,633.88,621.18,626.31,15312540.0,626.8476,302695
2025-03-26 04:00:00,624.89,626.7499,606.61,610.98,12661891.0,614.6233,279796
2025-03-27 04:00:00,602.0,614.25,600.1,602.58,10436524.0,606.4377,225982
2025-03-28 04:00:00,600.31,601.75,573.92,576.74,17602823.0,582.6746,432473
2025-03-31 04:00:00,563.5,578.7,553.3,576.36,21124677.0,568.5816,454176
2025-04-01 04:00:00,570.84,589.91,570.0,586.0,12836574.0,582.5082,304759
2025-04-02 04:00:00,574.91,592.66,573.36,583.93,13470778.0,583.0063,331894
2025-04-03 04:00:00,546.22,552.5596,530.3,531.62,34777460.0,540.5,765100
2025-04-04 04:00:00,506.62,518.0,494.2,504.73,38589814.0,508.8481,832671
2025-04-07 04:00:00,485.1,539.37,481.9,516.25,36606136.0,509.3219,780914
2025-04-08 04:00:00,543.25,547.43,502.86,510.45,28034211.0,525.3223,585563
2025-04-09 04:00:00,509.265,587.89,502.11,585.77,39216578.0,551.9534,720019
2025-04-10 04:00:00,575.49,581.3,535.3,546.29,28173491.0,552.2463,556140
2025-04-11 04:00:00,535.505,547.4,528.5901,543.57,17642327.0,540.036,363736
2025-04-14 04:00:00,556.175,557.77,528.28,531.48,14130928.0,537.7595,328116
2025-04-15 04:00:00,532.105,537.94,517.5,521.52,15558659.0,525.8445,328134
2025-04-16 04:00:00,508.51,513.37,495.63,502.31,18735075.0,505.1099,400442
2025-04-17 04:00:00,505.25,507.3,498.0133,501.48,14593508.0,502.7728,269934
2025-04-21 04:00:00,491.325,493.5,479.8,484.66,16165982.0,484.8935,356162
2025-04-22 04:00:00,491.87,506.88,486.36,500.28,17399408.0,497.1699,312575
2025-04-23 04:00:00,528.525,535.3376,516.52,520.27,18173910.0,525.0832,355210
2025-04-24 04:00:00,518.73,533.9,517.5,533.15,13910011.0,531.2078,275198
2025-04-25 04:00:00,546.8,549.86,536.25,547.27,17098921.0,544.1086,350569
2025-04-28 04:00:00,555.64,558.4899,540.59,549.74,15178995.0,548.7945,324107
2025-04-29 04:00:00,546.0,556.5699,544.12,554.44,11835036.0,552.1854,258932
2025-04-30 04:00:00,538.4,549.1,529.5,549.0,29243971.0,548.2459,544432
2025-05-01 04:00:00,592.075,592.95,570.5,572.21,31159033.0,578.3499,586632
2025-05-02 04:00:00,583.455,604.34,578.33,597.02,24739260.0,595.082,501388
2025-05-05 04:00:00,591.22,603.21,588.05,599.27,13887724.0,598.6354,288512
2025-05-06 04:00:00,592.525,596.03,586.58,587.31,10600650.0,590.3139,260380
2025-05-07 04:00:00,590.36,603.075,586.67,596.81,13160976.0,594.5451,284729
2025-05-08 04:00:00,606.285,611.2959,596.62,598.01,14622805.0,603.6526,320621
2025-05-09 04:00:00,603.72,606.97,591.7062,592.49,10427286.0,596.4613,240478
2025-05-12 04:00:00,630.92,640.3896,621.03,639.43,21965085.0,633.0441,494060
2025-05-13 04:00:00,645.545,660.92,642.83,656.03,18570821.0,654.6908,447725
2025-05-14 04:00:00,661.21,662.67,654.31,659.36,12348179.0,658.3909,287491
2025-05-15 04:00:00,654.275,657.31,638.58,643.88,14341835.0,648.2505,337695
2025-05-16 04:00:00,637.955,640.44,626.15,640.34,18518972.0,636.0584,423112
2025-05-19 04:00:00,628.25,643.0,627.8,640.43,9592374.0,638.3842,255663
2025-05-20 04:00:00,636.01,639.3536,632.26,637.1,6743473.0,636.7384,196423
2025-05-21 04:00:00,631.79,646.61,630.17,635.5,11464569.0,637.917,274064
2025-05-22 04:00:00,634.05,643.25,630.71,636.57,8228443.0,637.9945,223816
2025-05-23 04:00:00,624.0,632.445,622.65,627.06,8454067.0,628.1183,231964
2025-05-27 04:00:00,635.41,643.08,632.75,642.32,9508367.0,639.4901,262958
2025-05-28 04:00:00,642.6,650.88,642.5472,643.58,9042874.0,645.6497,222725
2025-05-29 04:00:00,651.645,653.32,639.5,645.05,8883436.0,645.7859,235301
2025-05-30 04:00:00,642.5,649.4099,632.78,647.49,16240951.0,644.103,269942
2025-06-02 04:00:00,644.39,673.26,644.2616,670.9,15766258.0,663.7724,385679
2025-06-03 04:00:00,671.445,675.58,665.03,666.85,11585031.0,668.2596,297095
2025-06-04 04:00:00,669.32,689.0,668.57,687.95,14031931.0,682.9536,340336
2025-06-05 04:00:00,691.66,694.38,682.25,684.62,13120335.0,687.456,305274
2025-06-06 04:00:00,696.17,702.806,691.87,697.71,11727961.0,697.6298,297292
2025-06-09 04:00:00,698.46,705.19,693.94,694.06,12773221.0,697.4535,268355
2025-06-10 04:00:00,701.345,703.23,691.56,702.4,10850146.0,700.1219,256057
2025-06-11 04:00:00,703.705,708.8707,691.99,694.14,9582508.0,698.7681,264427
2025-06-12 04:00:00,693.3,695.38,687.0,693.36,7322730.0,692.1693,197319
2025-06-13 04:00:00,687.95,694.57,681.01,682.87,9274441.0,687.3333,271642
2025-06-16 04:00:00,699.33,707.15,693.5103,702.12,13720288.0,701.1072,350279
2025-06-17 04:00:00,702.0,705.97,696.06,697.23,10066110.0,699.9884,243286
2025-06-18 04:00:00,698.18,701.59,694.9,695.77,10068255.0,697.6334,203883
2025-06-20 04:00:00,700.75,701.8197,678.67,682.35,22538640.0,686.8363,341428
2025-06-23 04:00:00,683.69,699.05,678.75,698.53,11080055.0,691.9498,308041
2025-06-24 04:00:00,704.885,713.19,702.11,712.2,13823180.0,709.2335,335879
2025-06-25 04:00:00,713.315,716.58,705.38,708.68,9320436.0,710.5392,249464
2025-06-26 04:00:00,714.355,728.22,711.05,726.09,13964793.0,722.619,353991
2025-06-27 04:00:00,726.515,735.43,725.86,733.63,18775735.0,731.828,337548
2025-06-30 04:00:00,744.55,747.9,734.25,738.09,15402105.0,740.1447,360300
2025-07-01 04:00:00,736.875,737.7499,715.37,719.22,13431248.0,723.145,382373
2025-07-02 04:00:00,715.325,720.3,712.8,713.57,9336740.0,715.9684,268191
2025-07-03 04:00:00,726.61,729.03,714.42,719.01,8601653.0,720.2781,233087
2025-07-07 04:00:00,717.6,727.0,713.51,718.35,9457080.0,720.8479,272034
2025-07-08 04:00:00,721.57,722.9099,714.81,720.67,7770693.0,719.4787,224415
2025-07-09 04:00:00,722.715,737.53,722.715,732.78,11417963.0,732.8964,313513
2025-07-10 04:00:00,731.55,735.7999,719.6,727.24,9922249.0,725.9835,274433
2025-07-11 04:00:00,722.495,725.16,709.7,717.51,10873880.0,716.9662,318779
2025-07-14 04:00:00,717.6,728.0,716.547,720.92,8939399.0,721.9782,257330
2025-07-15 04:00:00,723.9,724.4716,709.82,710.39,11529511.0,715.8141,336224
2025-07-16 04:00:00,713.37,713.97,699.2701,702.91,13067627.0,704.4369,375455
2025-07-17 04:00:00,704.39,705.9,697.105,701.41,11803264.0,701.6642,354632
2025-07-18 04:00:00,702.19,704.71,691.65,704.28,12779752.0,699.692,325673
2025-07-21 04:00:00,706.8,717.0,705.76,712.965,9404391.0,713.3164,276432
2025-07-22 04:00:00,716.19,716.6,701.41,704.81,8921064.0,706.2763,263679
2025-07-23 04:00:00,706.365,714.6285,704.93,713.58,8771615.0,711.0978,232623
2025-07-24 04:00:00,717.05,723.6239,714.0,714.8,10920836.0,717.3201,284679
2025-07-25 04:00:00,716.915,720.6499,711.9,712.68,8271698.0,716.0403,231627
2025-07-28 04:00:00,715.2,724.7352,712.68,717.63,8715743.0,717.9654,274235
2025-07-29 04:00:00,720.0,724.47,699.91,700.0,13267032.0,708.5521,352080
2025-07-30 04:00:00,708.09,708.5,691.2001,695.21,27077286.0,719.3283,663940
2025-07-31 04:00:00,775.2,784.75,765.51,773.44,38831098.0,777.1653,851534
2025-08-01 04:00:00,760.73,765.9999,745.31,750.01,19028710.0,753.1341,519642
2025-08-04 04:00:00,760.0,776.85,758.41,776.37,15801727.0,769.984,397872
2025-08-05 04:00:00,776.445,783.1299,763.0,763.46,11640294.0,769.756,309607
2025-08-06 04:00:00,770.0,773.64,760.4601,771.99,9733910.0,769.2703,271545
2025-08-07 04:00:00,773.49,775.0,759.55,761.83,9019691.0,766.583,262586
2025-08-08 04:00:00,762.75,769.9,758.58,769.3,7320755.0,765.9455,216093
2025-08-11 04:00:00,770.075,773.4584,764.67,765.87,7611964.0,768.8056,228648
2025-08-12 04:00:00,773.0,793.67,772.43,790.0,14579765.0,786.8661,364124
2025-08-13 04:00:00,791.15,795.4561,778.23,780.08,8811750.0,784.631,274046
2025-08-14 04:00:00,777.88,787.81,772.51,782.13,8116193.0,782.6789,229314
2025-08-15 04:00:00,784.15,796.25,780.82,785.23,13375361.0,787.866,285478
2025-08-18 04:00:00,775.085,775.81,756.5601,767.37,16513737.0,765.9743,442658
2025-08-19 04:00:00,767.12,767.17,749.36,751.48,12286690.0,754.4345,355458
2025-08-20 04:00:00,747.57,750.1999,731.0,747.72,11898190.0,741.5362,368162
2025-08-21 04:00:00,744.705,745.5,733.1101,739.1,8876307.0,738.8563,264629
2025-08-22 04:00:00,739.23,756.9,734.39,754.79,10612667.0,751.1221,286292
2025-08-25 04:00:00,754.82,758.88,750.13,753.3,6861158.0,754.0416,197853
2025-08-26 04:00:00,750.8,754.87,747.94,754.1,7601800.0,752.8233,180580
2025-08-27 04:00:00,752.3,754.1499,742.84,747.38,8315435.0,747.8535,226923
2025-08-28 04:00:00,744.0,753.0548,740.795,751.11,7467955.0,750.0599,187441
2025-08-29 04:00:00,745.28,747.14,735.3466,738.7,9070546.0,739.4229,268459
2025-09-02 04:00:00,726.04,736.0,721.7306,735.11,9350857.0,731.3618,286226
2025-09-03 04:00:00,736.0,740.25,733.9893,737.05,7699332.0,736.7893,232884
2025-09-04 04:00:00,748.57,761.16,745.82,748.65,11439078.0,750.6678,290257
2025-09-05 04:00:00,752.615,757.95,745.03,752.45,9663441.0,752.1746,257018
2025-09-08 04:00:00,755.995,766.51,752.02,752.3,13087816.0,756.6664,264894
2025-09-09 04:00:00,757.49,766.3,753.43,765.7,10999026.0,762.3894,264822
2025-09-10 04:00:00,765.13,765.7,751.0,751.98,12478276.0,755.4159,306974
2025-09-11 04:00:00,754.65,757.1,748.37,750.9,7923284.0,752.2715,237424
2025-09-12 04:00:00,748.725,757.5703,743.76,755.59,8248557.0,752.9893,227345
2025-09-15 04:00:00,757.47,774.07,751.985,764.7,10533780.0,763.6531,313403
2025-09-16 04:00:00,767.0,781.36,765.1,779.0,11782482.0,773.2481,318140
2025-09-17 04:00:00,779.99,783.29,766.31,775.715,9400867.0,773.9901,278158
2025-09-18 04:00:00,780.75,788.78,773.36,780.25,10954950.0,782.7777,307056
2025-09-19 04:00:00,786.42,790.8,769.1901,778.38,23696824.0,778.0326,345193
2025-09-22 04:00:00,781.845,785.73,764.47,765.16,11706946.0,772.7131,340365
2025-09-23 04:00:00,769.25,770.6,751.07,755.4,10872592.0,759.7868,343630
2025-09-24 04:00:00,757.5,761.11,752.5251,760.66,8828227.0,757.7068,247332
2025-09-25 04:00:00,753.45,756.765,744.55,748.91,10591065.0,749.7832,307749
2025-09-26 04:00:00,750.0,751.9299,737.3532,743.75,9696338.0,743.3204,300808
2025-09-29 04:00:00,748.72,750.78,739.15,743.4,9246768.0,745.1306,283429
2025-09-30 04:00:00,742.25,742.97,726.3,734.38,16226750.0,732.9907,460560
2025-10-01 04:00:00,721.49,721.8499,710.2,717.34,20419633.0,717.2419,663764
2025-10-02 04:00:00,722.58,727.77,718.14,727.05,11415271.0,723.7933,374285
2025-10-03 04:00:00,729.625,731.0,710.18,710.56,16154305.0,716.5353,543115
2025-10-06 04:00:00,705.185,716.88,690.51,715.66,21654738.0,706.0651,667615
2025-10-07 04:00:00,717.72,718.4999,705.75,713.08,12062928.0,711.2089,388866
2025-10-08 04:00:00,713.45,719.65,707.81,717.84,10790571.0,716.0728,312238
2025-10-09 04:00:00,718.275,733.51,712.44,733.51,12717172.0,726.0921,394189
2025-10-10 04:00:00,730.92,735.27,704.51,705.3,16980091.0,714.5838,582127
2025-10-13 04:00:00,713.01,719.94,707.6413,715.7,9251796.0,714.3991,339062
2025-10-14 04:00:00,707.78,715.55,699.33,708.65,8829757.0,708.8711,315138
2025-10-15 04:00:00,717.06,723.9,709.51,717.55,10246766.0,717.6667,286355
2025-10-16 04:00:00,717.55,725.49,703.88,712.07,9017010.0,714.3753,296431
2025-10-17 04:00:00,707.075,718.54,706.12,716.915,12232441.0,713.2923,292413
2025-10-20 04:00:00,721.19,733.77,720.18,732.17,8900204.0,730.323,295009
2025-10-21 04:00:00,736.015,738.5,728.75,733.27,7647269.0,733.0256,252634
2025-10-22 04:00:00,733.83,740.6,724.03,733.41,8734491.0,732.3528,272202
2025-10-23 04:00:00,734.7,742.41,733.1,734.0,9855974.0,736.9714,256811
2025-10-24 04:00:00,736.79,741.21,731.15,738.36,9151267.0,736.4439,262833
2025-10-27 04:00:00,749.73,755.75,748.01,750.82,11321080.0,751.3947,337400
2025-10-28 04:00:00,752.63,758.4,745.5201,751.44,12193818.0,752.6424,360282
2025-10-29 04:00:00,754.75,759.155,742.51,751.67,26818592.0,727.3838,866156
2025-10-30 04:00:00,669.15,680.9599,650.17,666.47,88440094.0,667.2405,2697064
2025-10-31 04:00:00,674.51,674.89,645.57,648.35,56953169.0,655.0151,1581283
2025-11-03 05:00:00,656.0,659.3299,636.18,637.71,33003599.0,647.0652,1138020
2025-11-04 05:00:00,628.035,641.7399,626.01,627.32,27356553.0,631.1361,934014
2025-11-05 05:00:00,632.31,642.23,626.5375,635.95,20219855.0,635.3058,650301
2025-11-06 05:00:00,635.85,636.0,618.0,618.94,23628750.0,622.9801,795339
2025-11-07 05:00:00,616.485,622.1348,601.2,621.71,29946826.0,611.9198,954856
2025-11-10 05:00:00,631.09,635.0,618.105,631.76,19245000.0,631.7813,601728
2025-11-11 05:00:00,628.0,629.56,619.39,627.08,13302187.0,624.8664,456938
2025-11-12 05:00:00,628.13,628.99,607.77,609.01,24493272.0,613.0958,815196
2025-11-13 05:00:00,613.07,617.65,603.0,609.89,20973845.0,609.351,637543
2025-11-14 05:00:00,601.79,613.68,595.2,609.46,20724146.0,607.4699,648308
2025-11-17 05:00:00,609.035,611.69,595.4,602.01,16501331.0,603.3548,559202
2025-11-18 05:00:00,591.6,603.66,583.78,597.69,25500647.0,593.999,744934
2025-11-19 05:00:00,593.715,595.33,581.25,590.32,24744703.0,588.2158,670865
2025-11-20 05:00:00,603.5,606.72,583.35,589.15,20603024.0,593.2823,629682
2025-11-21 05:00:00,588.5,598.12,581.86,594.25,21052624.0,591.4717,545654
2025-11-24 05:00:00,598.72,616.7,597.6301,613.05,23554932.0,611.2591,556228
2025-11-25 05:00:00,624.0,637.045,618.3,636.22,25212978.0,629.4947,633481
2025-11-26 05:00:00,637.69,638.36,631.63,633.61,15209481.0,634.9493,404133
2025-11-28 05:00:00,636.075,648.05,635.5,647.95,11033198.0,643.4373,322040
2025-12-01 05:00:00,639.55,645.32,637.76,640.87,13029922.0,641.2984,370963
2025-12-02 05:00:00,642.34,647.87,638.07,647.1,11640869.0,644.6646,348758
2025-12-03 05:00:00,644.41,648.8499,637.55,639.6,11134305.0,642.9195,332859
2025-12-04 05:00:00,676.0,676.1,660.05,661.53,29874622.0,666.1814,764515
2025-12-05 05:00:00,664.0,674.69,662.3947,673.42,21207861.0,671.0195,456879
2025-12-08 05:00:00,669.34,676.71,665.07,666.8,13160976.0,668.4645,368326
2025-12-09 05:00:00,663.765,664.48,653.34,656.96,12997116.0,656.8808,372121
2025-12-10 05:00:00,649.95,654.51,643.3976,650.13,16910883.0,649.2848,404461
2025-12-11 05:00:00,643.29,655.28,640.795,652.71,13056726.0,650.5149,357456
2025-12-12 05:00:00,649.8,711.0,638.61,644.23,14016915.0,645.0099,382274
2025-12-15 05:00:00,645.7,653.0,638.7001,647.51,15549088.0,647.7292,379764
2025-12-16 05:00:00,643.5,662.54,643.2,657.15,14309136.0,654.7569,355532
2025-12-17 05:00:00,655.61,661.23,649.2,649.5,15598548.0,653.7143,364077
2025-12-18 05:00:00,657.025,670.56,656.46,664.45,20260295.0,663.9174,401717
2025-12-19 05:00:00,666.42,671.0,658.18,658.77,49977051.0,661.1385,428849
2025-12-22 05:00:00,661.645,673.58,656.65,661.5,15659385.0,662.2478,401648
2025-12-23 05:00:00,660.05,666.0,658.25,664.94,8486847.0,664.1133,252127
2025-12-24 05:00:00,662.53,668.18,662.2,667.55,5627512.0,666.419,154871
2025-12-26 05:00:00,668.06,668.9499,661.3201,663.29,7133813.0,663.8761,223945
2025-12-29 05:00:00,658.01,660.25,654.39,658.69,8506477.0,657.9425,280472
2025-12-30 05:00:00,658.69,672.22,657.84,665.95,9187483.0,666.6305,282242
2025-12-31 05:00:00,664.75,665.0,659.44,660.09,7940359.0,661.6454,232248
2026-01-02 05:00:00,662.725,664.39,643.5,650.41,13726517.0,651.7219,423541
2026-01-05 05:00:00,651.01,664.54,647.7512,658.79,12213745.0,659.5934,398912
2026-01-06 05:00:00,659.57,665.52,651.9,660.62,11074419.0,658.3279,326878
2026-01-07 05:00:00,655.64,659.15,644.81,648.69,12846273.0,650.369,399478
2026-01-08 05:00:00,645.88,647.102,635.72,646.06,11921708.0,643.0074,352788
2026-01-09 05:00:00,645.435,654.95,642.85,653.06,11634944.0,651.02,344709
2026-01-12 05:00:00,652.525,653.97,641.225,641.97,14797197.0,646.1388,384314
2026-01-13 05:00:00,642.27,642.27,624.1,631.09,18030395.0,629.7326,578909
2026-01-14 05:00:00,626.5,628.45,614.815,615.52,15527875.0,618.6378,498941
2026-01-15 05:00:00,618.48,624.17,614.23,620.8,13076058.0,620.1437,392851
2026-01-16 05:00:00,624.1762,629.08,620.08,620.25,17012516.0,623.0095,348422
2026-01-20 05:00:00,607.88,611.4,600.0,604.12,15169565.0,605.9507,515188
2026-01-21 05:00:00,606.74,618.27,600.08,612.96,14494655.0,610.3497,404207
2026-01-22 05:00:00,629.35,660.57,626.55,647.63,21394669.0,640.7476,572885
2026-01-23 05:00:00,644.77,666.4899,644.445,658.76,22797723.0,659.4637,543892
2026-01-26 05:00:00,665.125,675.28,661.2855,672.36,16327378.0,671.0183,451494
2026-01-27 05:00:00,674.59,676.815,664.66,672.97,13297350.0,671.2338,402759
2026-01-28 05:00:00,674.5,677.6775,666.1,668.73,25709600.0,689.1448,740468
2026-01-29 05:00:00,737.43,744.0,712.55,738.31,59776525.0,729.5259,1416413
2026-01-30 05:00:00,727.5,732.17,713.59,716.5,23757923.0,719.192,535553
